07/10/2025 12:22:18:	start execution of script D:\data\Cycle 198\exp_3-16-19\rawdata\sc\Aperture_scan_ifg2_newPS_B2_6p10s.sc	 DONE
07/10/2025 12:22:19:	move motor	S18.axis2.Aperture Z to 9.50000mm	reached 9.50000  DONE
07/10/2025 12:22:22:	move motor	S18.axis2.Aperture Y to 15.00000mm	reached 15.00000  DONE
07/10/2025 12:22:27:	move motor	S18.axis2.phaseshifter 2 to -3.100000deg	 DONE
07/10/2025 12:22:29:	create file	D:\data\Cycle 198\exp_3-16-19\rawdata\sc\Aperture_scan_ifg2_newPS_B2_6p10s_07Oct1222.dat	 DONE
room to enter remarks DONE
07/10/2025 12:22:30:	move motor	S18.axis2.phaseshifter 2 to -3.000000deg	 DONE
07/10/2025 12:22:32:	1	count	time	10.000000s/cts	O Det=492	H Det=1131	Mon Det=30735	Aux Det=2002	O+H=3625	 DONE
07/10/2025 12:22:43:	move motor	S18.axis2.phaseshifter 2 to -2.898305deg	 DONE
07/10/2025 12:22:45:	2	count	time	10.000000s/cts	O Det=750	H Det=879	Mon Det=30666	Aux Det=2114	O+H=3743	 DONE
07/10/2025 12:22:57:	move motor	S18.axis2.phaseshifter 2 to -2.796610deg	 DONE
07/10/2025 12:22:58:	3	count	time	10.000000s/cts	O Det=1064	H Det=580	Mon Det=30509	Aux Det=2088	O+H=3732	 DONE
07/10/2025 12:23:10:	move motor	S18.axis2.phaseshifter 2 to -2.694915deg	 DONE
07/10/2025 12:23:11:	4	count	time	10.000000s/cts	O Det=1251	H Det=452	Mon Det=30745	Aux Det=2072	O+H=3775	 DONE
07/10/2025 12:23:23:	move motor	S18.axis2.phaseshifter 2 to -2.593220deg	 DONE
07/10/2025 12:23:25:	5	count	time	10.000000s/cts	O Det=1090	H Det=508	Mon Det=30481	Aux Det=1986	O+H=3584	 DONE
07/10/2025 12:23:36:	move motor	S18.axis2.phaseshifter 2 to -2.491525deg	 DONE
07/10/2025 12:23:38:	6	count	time	10.000000s/cts	O Det=966	H Det=730	Mon Det=30473	Aux Det=1992	O+H=3688	 DONE
07/10/2025 12:23:49:	move motor	S18.axis2.phaseshifter 2 to -2.389830deg	 DONE
07/10/2025 12:23:51:	7	count	time	10.000000s/cts	O Det=646	H Det=1037	Mon Det=30497	Aux Det=2035	O+H=3718	 DONE
07/10/2025 12:24:03:	move motor	S18.axis2.phaseshifter 2 to -2.288135deg	 DONE
07/10/2025 12:24:04:	8	count	time	10.000000s/cts	O Det=262	H Det=1252	Mon Det=30959	Aux Det=2022	O+H=3536	 DONE
07/10/2025 12:24:16:	move motor	S18.axis2.phaseshifter 2 to -2.186440deg	 DONE
07/10/2025 12:24:17:	9	count	time	10.000000s/cts	O Det=137	H Det=1386	Mon Det=30907	Aux Det=1959	O+H=3482	 DONE
07/10/2025 12:24:29:	move motor	S18.axis2.phaseshifter 2 to -2.084745deg	 DONE
07/10/2025 12:24:31:	10	count	time	10.000000s/cts	O Det=228	H Det=1306	Mon Det=30768	Aux Det=2029	O+H=3563	 DONE
07/10/2025 12:24:42:	move motor	S18.axis2.phaseshifter 2 to -1.983050deg	 DONE
07/10/2025 12:24:44:	11	count	time	10.000000s/cts	O Det=462	H Det=1101	Mon Det=30703	Aux Det=2098	O+H=3661	 DONE
07/10/2025 12:24:55:	move motor	S18.axis2.phaseshifter 2 to -1.881355deg	 DONE
07/10/2025 12:24:57:	12	count	time	10.000000s/cts	O Det=845	H Det=801	Mon Det=30446	Aux Det=2045	O+H=3691	 DONE
07/10/2025 12:25:09:	move motor	S18.axis2.phaseshifter 2 to -1.779660deg	 DONE
07/10/2025 12:25:10:	13	count	time	10.000000s/cts	O Det=1048	H Det=545	Mon Det=30678	Aux Det=2060	O+H=3653	 DONE
07/10/2025 12:25:22:	move motor	S18.axis2.phaseshifter 2 to -1.677965deg	 DONE
07/10/2025 12:25:23:	14	count	time	10.000000s/cts	O Det=1133	H Det=463	Mon Det=30435	Aux Det=1968	O+H=3564	 DONE
07/10/2025 12:25:35:	move motor	S18.axis2.phaseshifter 2 to -1.576270deg	 DONE
07/10/2025 12:25:36:	15	count	time	10.000000s/cts	O Det=1158	H Det=578	Mon Det=30626	Aux Det=1964	O+H=3700	 DONE
07/10/2025 12:25:48:	move motor	S18.axis2.phaseshifter 2 to -1.474575deg	 DONE
07/10/2025 12:25:50:	16	count	time	10.000000s/cts	O Det=866	H Det=729	Mon Det=30866	Aux Det=1971	O+H=3566	 DONE
07/10/2025 12:26:01:	move motor	S18.axis2.phaseshifter 2 to -1.372880deg	 DONE
07/10/2025 12:26:03:	17	count	time	10.000000s/cts	O Det=563	H Det=1047	Mon Det=30488	Aux Det=1913	O+H=3523	 DONE
07/10/2025 12:26:15:	move motor	S18.axis2.phaseshifter 2 to -1.271185deg	 DONE
07/10/2025 12:26:16:	18	count	time	10.000000s/cts	O Det=252	H Det=1292	Mon Det=30244	Aux Det=2017	O+H=3561	 DONE
07/10/2025 12:26:28:	move motor	S18.axis2.phaseshifter 2 to -1.169490deg	 DONE
07/10/2025 12:26:29:	19	count	time	10.000000s/cts	O Det=138	H Det=1311	Mon Det=30688	Aux Det=1968	O+H=3417	 DONE
07/10/2025 12:26:41:	move motor	S18.axis2.phaseshifter 2 to -1.067795deg	 DONE
07/10/2025 12:26:42:	20	count	time	10.000000s/cts	O Det=228	H Det=1320	Mon Det=30802	Aux Det=1976	O+H=3524	 DONE
07/10/2025 12:26:54:	move motor	S18.axis2.phaseshifter 2 to -0.966100deg	 DONE
07/10/2025 12:26:56:	21	count	time	10.000000s/cts	O Det=489	H Det=1030	Mon Det=30678	Aux Det=2009	O+H=3528	 DONE
07/10/2025 12:27:07:	move motor	S18.axis2.phaseshifter 2 to -0.864405deg	 DONE
07/10/2025 12:27:09:	22	count	time	10.000000s/cts	O Det=765	H Det=819	Mon Det=30775	Aux Det=1932	O+H=3516	 DONE
07/10/2025 12:27:20:	move motor	S18.axis2.phaseshifter 2 to -0.762710deg	 DONE
07/10/2025 12:27:22:	23	count	time	10.000000s/cts	O Det=1001	H Det=625	Mon Det=30695	Aux Det=2033	O+H=3659	 DONE
07/10/2025 12:27:34:	move motor	S18.axis2.phaseshifter 2 to -0.661015deg	 DONE
07/10/2025 12:27:35:	24	count	time	10.000000s/cts	O Det=1188	H Det=497	Mon Det=30706	Aux Det=1868	O+H=3553	 DONE
07/10/2025 12:27:47:	move motor	S18.axis2.phaseshifter 2 to -0.559320deg	 DONE
07/10/2025 12:27:48:	25	count	time	10.000000s/cts	O Det=1084	H Det=512	Mon Det=30532	Aux Det=1889	O+H=3485	 DONE
07/10/2025 12:28:00:	move motor	S18.axis2.phaseshifter 2 to -0.457625deg	 DONE
07/10/2025 12:28:01:	26	count	time	10.000000s/cts	O Det=889	H Det=729	Mon Det=30667	Aux Det=1924	O+H=3542	 DONE
07/10/2025 12:28:13:	move motor	S18.axis2.phaseshifter 2 to -0.355930deg	 DONE
07/10/2025 12:28:15:	27	count	time	10.000000s/cts	O Det=464	H Det=1103	Mon Det=30780	Aux Det=1928	O+H=3495	 DONE
07/10/2025 12:28:26:	move motor	S18.axis2.phaseshifter 2 to -0.254235deg	 DONE
07/10/2025 12:28:28:	28	count	time	10.000000s/cts	O Det=260	H Det=1243	Mon Det=30837	Aux Det=1964	O+H=3467	 DONE
07/10/2025 12:28:40:	move motor	S18.axis2.phaseshifter 2 to -0.152540deg	 DONE
07/10/2025 12:28:41:	29	count	time	10.000000s/cts	O Det=149	H Det=1339	Mon Det=30711	Aux Det=1884	O+H=3372	 DONE
07/10/2025 12:28:53:	move motor	S18.axis2.phaseshifter 2 to -0.050845deg	 DONE
07/10/2025 12:28:54:	30	count	time	10.000000s/cts	O Det=192	H Det=1271	Mon Det=30871	Aux Det=1992	O+H=3455	 DONE
07/10/2025 12:29:06:	move motor	S18.axis2.phaseshifter 2 to 0.050850deg	 DONE
07/10/2025 12:29:07:	31	count	time	10.000000s/cts	O Det=470	H Det=1057	Mon Det=30708	Aux Det=1942	O+H=3469	 DONE
07/10/2025 12:29:19:	move motor	S18.axis2.phaseshifter 2 to 0.152545deg	 DONE
07/10/2025 12:29:21:	32	count	time	10.000000s/cts	O Det=697	H Det=861	Mon Det=30586	Aux Det=1924	O+H=3482	 DONE
07/10/2025 12:29:32:	move motor	S18.axis2.phaseshifter 2 to 0.254240deg	 DONE
07/10/2025 12:29:34:	33	count	time	10.000000s/cts	O Det=974	H Det=624	Mon Det=30411	Aux Det=1903	O+H=3501	 DONE
07/10/2025 12:29:46:	move motor	S18.axis2.phaseshifter 2 to 0.355935deg	 DONE
07/10/2025 12:29:47:	34	count	time	10.000000s/cts	O Det=1105	H Det=517	Mon Det=30588	Aux Det=1855	O+H=3477	 DONE
07/10/2025 12:29:59:	move motor	S18.axis2.phaseshifter 2 to 0.457630deg	 DONE
07/10/2025 12:30:00:	35	count	time	10.000000s/cts	O Det=1092	H Det=510	Mon Det=30477	Aux Det=1884	O+H=3486	 DONE
07/10/2025 12:30:12:	move motor	S18.axis2.phaseshifter 2 to 0.559325deg	 DONE
07/10/2025 12:30:13:	36	count	time	10.000000s/cts	O Det=884	H Det=652	Mon Det=30652	Aux Det=1926	O+H=3462	 DONE
07/10/2025 12:30:25:	move motor	S18.axis2.phaseshifter 2 to 0.661020deg	 DONE
07/10/2025 12:30:27:	37	count	time	10.000000s/cts	O Det=615	H Det=949	Mon Det=30619	Aux Det=1859	O+H=3423	 DONE
07/10/2025 12:30:38:	move motor	S18.axis2.phaseshifter 2 to 0.762715deg	 DONE
07/10/2025 12:30:40:	38	count	time	10.000000s/cts	O Det=305	H Det=1172	Mon Det=30785	Aux Det=1879	O+H=3356	 DONE
07/10/2025 12:30:52:	move motor	S18.axis2.phaseshifter 2 to 0.864410deg	 DONE
07/10/2025 12:30:53:	39	count	time	10.000000s/cts	O Det=132	H Det=1441	Mon Det=30741	Aux Det=1893	O+H=3466	 DONE
07/10/2025 12:31:05:	move motor	S18.axis2.phaseshifter 2 to 0.966105deg	 DONE
07/10/2025 12:31:06:	40	count	time	10.000000s/cts	O Det=203	H Det=1284	Mon Det=30574	Aux Det=1868	O+H=3355	 DONE
07/10/2025 12:31:18:	move motor	S18.axis2.phaseshifter 2 to 1.067800deg	 DONE
07/10/2025 12:31:19:	41	count	time	10.000000s/cts	O Det=307	H Det=1248	Mon Det=30570	Aux Det=1876	O+H=3431	 DONE
07/10/2025 12:31:31:	move motor	S18.axis2.phaseshifter 2 to 1.169495deg	 DONE
07/10/2025 12:31:33:	42	count	time	10.000000s/cts	O Det=573	H Det=913	Mon Det=30792	Aux Det=1819	O+H=3305	 DONE
07/10/2025 12:31:44:	move motor	S18.axis2.phaseshifter 2 to 1.271190deg	 DONE
07/10/2025 12:31:46:	43	count	time	10.000000s/cts	O Det=952	H Det=604	Mon Det=30538	Aux Det=1869	O+H=3425	 DONE
07/10/2025 12:31:57:	move motor	S18.axis2.phaseshifter 2 to 1.372885deg	 DONE
07/10/2025 12:31:59:	44	count	time	10.000000s/cts	O Det=1101	H Det=490	Mon Det=30714	Aux Det=1787	O+H=3378	 DONE
07/10/2025 12:32:11:	move motor	S18.axis2.phaseshifter 2 to 1.474580deg	 DONE
07/10/2025 12:32:12:	45	count	time	10.000000s/cts	O Det=1126	H Det=514	Mon Det=30738	Aux Det=1811	O+H=3451	 DONE
07/10/2025 12:32:24:	move motor	S18.axis2.phaseshifter 2 to 1.576275deg	 DONE
07/10/2025 12:32:25:	46	count	time	10.000000s/cts	O Det=835	H Det=646	Mon Det=30498	Aux Det=1789	O+H=3270	 DONE
07/10/2025 12:32:37:	move motor	S18.axis2.phaseshifter 2 to 1.677970deg	 DONE
07/10/2025 12:32:39:	47	count	time	10.000000s/cts	O Det=617	H Det=894	Mon Det=30422	Aux Det=1763	O+H=3274	 DONE
07/10/2025 12:32:50:	move motor	S18.axis2.phaseshifter 2 to 1.779665deg	 DONE
07/10/2025 12:32:52:	48	count	time	10.000000s/cts	O Det=357	H Det=1124	Mon Det=30512	Aux Det=1835	O+H=3316	 DONE
07/10/2025 12:33:03:	move motor	S18.axis2.phaseshifter 2 to 1.881360deg	 DONE
07/10/2025 12:33:05:	49	count	time	10.000000s/cts	O Det=167	H Det=1289	Mon Det=30693	Aux Det=1740	O+H=3196	 DONE
07/10/2025 12:33:17:	move motor	S18.axis2.phaseshifter 2 to 1.983055deg	 DONE
07/10/2025 12:33:18:	50	count	time	10.000000s/cts	O Det=132	H Det=1323	Mon Det=31009	Aux Det=1683	O+H=3138	 DONE
07/10/2025 12:33:30:	move motor	S18.axis2.phaseshifter 2 to 2.084750deg	 DONE
07/10/2025 12:33:31:	51	count	time	10.000000s/cts	O Det=279	H Det=1166	Mon Det=30537	Aux Det=1788	O+H=3233	 DONE
07/10/2025 12:33:43:	move motor	S18.axis2.phaseshifter 2 to 2.186445deg	 DONE
07/10/2025 12:33:45:	52	count	time	10.000000s/cts	O Det=598	H Det=949	Mon Det=30914	Aux Det=1717	O+H=3264	 DONE
07/10/2025 12:33:56:	move motor	S18.axis2.phaseshifter 2 to 2.288140deg	 DONE
07/10/2025 12:33:58:	53	count	time	10.000000s/cts	O Det=880	H Det=687	Mon Det=30453	Aux Det=1787	O+H=3354	 DONE
07/10/2025 12:34:09:	move motor	S18.axis2.phaseshifter 2 to 2.389835deg	 DONE
07/10/2025 12:34:11:	54	count	time	10.000000s/cts	O Det=1064	H Det=536	Mon Det=30662	Aux Det=1860	O+H=3460	 DONE
07/10/2025 12:34:23:	move motor	S18.axis2.phaseshifter 2 to 2.491530deg	 DONE
07/10/2025 12:34:24:	55	count	time	10.000000s/cts	O Det=1089	H Det=545	Mon Det=30810	Aux Det=1768	O+H=3402	 DONE
07/10/2025 12:34:36:	move motor	S18.axis2.phaseshifter 2 to 2.593225deg	 DONE
07/10/2025 12:34:37:	56	count	time	10.000000s/cts	O Det=890	H Det=638	Mon Det=30628	Aux Det=1733	O+H=3261	 DONE
07/10/2025 12:34:49:	move motor	S18.axis2.phaseshifter 2 to 2.694920deg	 DONE
07/10/2025 12:34:51:	57	count	time	10.000000s/cts	O Det=605	H Det=894	Mon Det=30461	Aux Det=1714	O+H=3213	 DONE
07/10/2025 12:35:02:	move motor	S18.axis2.phaseshifter 2 to 2.796615deg	 DONE
07/10/2025 12:35:04:	58	count	time	10.000000s/cts	O Det=330	H Det=1121	Mon Det=30595	Aux Det=1672	O+H=3123	 DONE
07/10/2025 12:35:15:	move motor	S18.axis2.phaseshifter 2 to 2.898310deg	 DONE
07/10/2025 12:35:17:	59	count	time	10.000000s/cts	O Det=126	H Det=1342	Mon Det=30632	Aux Det=1733	O+H=3201	 DONE
07/10/2025 12:35:29:	move motor	S18.axis2.phaseshifter 2 to 3.000005deg	 DONE
07/10/2025 12:35:30:	60	count	time	10.000000s/cts	O Det=152	H Det=1311	Mon Det=30684	Aux Det=1667	O+H=3130	 DONE
07/10/2025 12:35:42:	close file and end scan	 DONE
call of ifg2_newPS_6p10s_B2.sc DONE
07/10/2025 12:35:43:	move motor	S18.axis2.Aperture Y to 16.50000mm	reached 16.50000  DONE
07/10/2025 12:35:46:	move motor	S18.axis2.phaseshifter 2 to -3.100000deg	 DONE
07/10/2025 12:35:50:	create file	D:\data\Cycle 198\exp_3-16-19\rawdata\sc\Aperture_scan_ifg2_newPS_B2_6p10s_07Oct1235.dat	 DONE
room to enter remarks DONE
07/10/2025 12:35:51:	move motor	S18.axis2.phaseshifter 2 to -3.000000deg	 DONE
07/10/2025 12:35:53:	1	count	time	10.000000s/cts	O Det=520	H Det=1144	Mon Det=30565	Aux Det=1870	O+H=3534	 DONE
07/10/2025 12:36:04:	move motor	S18.axis2.phaseshifter 2 to -2.898305deg	 DONE
07/10/2025 12:36:06:	2	count	time	10.000000s/cts	O Det=815	H Det=930	Mon Det=30504	Aux Det=1972	O+H=3717	 DONE
07/10/2025 12:36:17:	move motor	S18.axis2.phaseshifter 2 to -2.796610deg	 DONE
07/10/2025 12:36:19:	3	count	time	10.000000s/cts	O Det=1015	H Det=662	Mon Det=30552	Aux Det=1851	O+H=3528	 DONE
07/10/2025 12:36:31:	move motor	S18.axis2.phaseshifter 2 to -2.694915deg	 DONE
07/10/2025 12:36:32:	4	count	time	10.000000s/cts	O Det=1111	H Det=608	Mon Det=30421	Aux Det=1830	O+H=3549	 DONE
07/10/2025 12:36:44:	move motor	S18.axis2.phaseshifter 2 to -2.593220deg	 DONE
07/10/2025 12:36:45:	5	count	time	10.000000s/cts	O Det=1045	H Det=757	Mon Det=30204	Aux Det=1800	O+H=3602	 DONE
07/10/2025 12:36:57:	move motor	S18.axis2.phaseshifter 2 to -2.491525deg	 DONE
07/10/2025 12:36:58:	6	count	time	10.000000s/cts	O Det=793	H Det=899	Mon Det=30585	Aux Det=1831	O+H=3523	 DONE
07/10/2025 12:37:10:	move motor	S18.axis2.phaseshifter 2 to -2.389830deg	 DONE
07/10/2025 12:37:12:	7	count	time	10.000000s/cts	O Det=470	H Det=1205	Mon Det=30663	Aux Det=1869	O+H=3544	 DONE
07/10/2025 12:37:23:	move motor	S18.axis2.phaseshifter 2 to -2.288135deg	 DONE
07/10/2025 12:37:25:	8	count	time	10.000000s/cts	O Det=212	H Det=1390	Mon Det=30239	Aux Det=1798	O+H=3400	 DONE
07/10/2025 12:37:37:	move motor	S18.axis2.phaseshifter 2 to -2.186440deg	 DONE
07/10/2025 12:37:38:	9	count	time	10.000000s/cts	O Det=137	H Det=1510	Mon Det=30848	Aux Det=1739	O+H=3386	 DONE
07/10/2025 12:37:50:	move motor	S18.axis2.phaseshifter 2 to -2.084745deg	 DONE
07/10/2025 12:37:51:	10	count	time	10.000000s/cts	O Det=195	H Det=1368	Mon Det=30689	Aux Det=1747	O+H=3310	 DONE
07/10/2025 12:38:03:	move motor	S18.axis2.phaseshifter 2 to -1.983050deg	 DONE
07/10/2025 12:38:04:	11	count	time	10.000000s/cts	O Det=469	H Det=1153	Mon Det=30650	Aux Det=1788	O+H=3410	 DONE
07/10/2025 12:38:16:	move motor	S18.axis2.phaseshifter 2 to -1.881355deg	 DONE
07/10/2025 12:38:18:	12	count	time	10.000000s/cts	O Det=809	H Det=845	Mon Det=30623	Aux Det=1809	O+H=3463	 DONE
07/10/2025 12:38:29:	move motor	S18.axis2.phaseshifter 2 to -1.779660deg	 DONE
07/10/2025 12:38:31:	13	count	time	10.000000s/cts	O Det=1036	H Det=701	Mon Det=30245	Aux Det=1825	O+H=3562	 DONE
07/10/2025 12:38:43:	move motor	S18.axis2.phaseshifter 2 to -1.677965deg	 DONE
07/10/2025 12:38:44:	14	count	time	10.000000s/cts	O Det=1155	H Det=585	Mon Det=30696	Aux Det=1783	O+H=3523	 DONE
07/10/2025 12:38:56:	move motor	S18.axis2.phaseshifter 2 to -1.576270deg	 DONE
07/10/2025 12:38:57:	15	count	time	10.000000s/cts	O Det=1015	H Det=674	Mon Det=30751	Aux Det=1756	O+H=3445	 DONE
07/10/2025 12:39:09:	move motor	S18.axis2.phaseshifter 2 to -1.474575deg	 DONE
07/10/2025 12:39:11:	16	count	time	10.000000s/cts	O Det=796	H Det=868	Mon Det=30677	Aux Det=1674	O+H=3338	 DONE
07/10/2025 12:39:22:	move motor	S18.axis2.phaseshifter 2 to -1.372880deg	 DONE
07/10/2025 12:39:24:	17	count	time	10.000000s/cts	O Det=437	H Det=1168	Mon Det=30473	Aux Det=1769	O+H=3374	 DONE
07/10/2025 12:39:35:	move motor	S18.axis2.phaseshifter 2 to -1.271185deg	 DONE
07/10/2025 12:39:37:	18	count	time	10.000000s/cts	O Det=183	H Det=1385	Mon Det=30968	Aux Det=1806	O+H=3374	 DONE
07/10/2025 12:39:49:	move motor	S18.axis2.phaseshifter 2 to -1.169490deg	 DONE
07/10/2025 12:39:50:	19	count	time	10.000000s/cts	O Det=130	H Det=1453	Mon Det=30634	Aux Det=1713	O+H=3296	 DONE
07/10/2025 12:40:02:	move motor	S18.axis2.phaseshifter 2 to -1.067795deg	 DONE
07/10/2025 12:40:03:	20	count	time	10.000000s/cts	O Det=248	H Det=1332	Mon Det=30724	Aux Det=1720	O+H=3300	 DONE
07/10/2025 12:40:15:	move motor	S18.axis2.phaseshifter 2 to -0.966100deg	 DONE
07/10/2025 12:40:17:	21	count	time	10.000000s/cts	O Det=448	H Det=1155	Mon Det=30617	Aux Det=1705	O+H=3308	 DONE
07/10/2025 12:40:28:	move motor	S18.axis2.phaseshifter 2 to -0.864405deg	 DONE
07/10/2025 12:40:30:	22	count	time	10.000000s/cts	O Det=783	H Det=914	Mon Det=30722	Aux Det=1745	O+H=3442	 DONE
07/10/2025 12:40:41:	move motor	S18.axis2.phaseshifter 2 to -0.762710deg	 DONE
07/10/2025 12:40:43:	23	count	time	10.000000s/cts	O Det=1058	H Det=707	Mon Det=31012	Aux Det=1721	O+H=3486	 DONE
07/10/2025 12:40:55:	move motor	S18.axis2.phaseshifter 2 to -0.661015deg	 DONE
07/10/2025 12:40:56:	24	count	time	10.000000s/cts	O Det=1066	H Det=576	Mon Det=30435	Aux Det=1672	O+H=3314	 DONE
07/10/2025 12:41:08:	move motor	S18.axis2.phaseshifter 2 to -0.559320deg	 DONE
07/10/2025 12:41:09:	25	count	time	10.000000s/cts	O Det=1040	H Det=689	Mon Det=30751	Aux Det=1694	O+H=3423	 DONE
07/10/2025 12:41:21:	move motor	S18.axis2.phaseshifter 2 to -0.457625deg	 DONE
07/10/2025 12:41:23:	26	count	time	10.000000s/cts	O Det=793	H Det=865	Mon Det=30580	Aux Det=1691	O+H=3349	 DONE
07/10/2025 12:41:34:	move motor	S18.axis2.phaseshifter 2 to -0.355930deg	 DONE
07/10/2025 12:41:36:	27	count	time	10.000000s/cts	O Det=489	H Det=1157	Mon Det=30609	Aux Det=1665	O+H=3311	 DONE
07/10/2025 12:41:48:	move motor	S18.axis2.phaseshifter 2 to -0.254235deg	 DONE
07/10/2025 12:41:49:	28	count	time	10.000000s/cts	O Det=254	H Det=1323	Mon Det=30742	Aux Det=1728	O+H=3305	 DONE
07/10/2025 12:42:01:	move motor	S18.axis2.phaseshifter 2 to -0.152540deg	 DONE
07/10/2025 12:42:02:	29	count	time	10.000000s/cts	O Det=182	H Det=1458	Mon Det=30647	Aux Det=1658	O+H=3298	 DONE
07/10/2025 12:42:14:	move motor	S18.axis2.phaseshifter 2 to -0.050845deg	 DONE
07/10/2025 12:42:15:	30	count	time	10.000000s/cts	O Det=293	H Det=1343	Mon Det=30949	Aux Det=1714	O+H=3350	 DONE
07/10/2025 12:42:27:	move motor	S18.axis2.phaseshifter 2 to 0.050850deg	 DONE
07/10/2025 12:42:29:	31	count	time	10.000000s/cts	O Det=444	H Det=1182	Mon Det=30515	Aux Det=1691	O+H=3317	 DONE
07/10/2025 12:42:40:	move motor	S18.axis2.phaseshifter 2 to 0.152545deg	 DONE
07/10/2025 12:42:42:	32	count	time	10.000000s/cts	O Det=743	H Det=936	Mon Det=30765	Aux Det=1666	O+H=3345	 DONE
07/10/2025 12:42:54:	move motor	S18.axis2.phaseshifter 2 to 0.254240deg	 DONE
07/10/2025 12:42:55:	33	count	time	10.000000s/cts	O Det=936	H Det=759	Mon Det=30493	Aux Det=1621	O+H=3316	 DONE
07/10/2025 12:43:07:	move motor	S18.axis2.phaseshifter 2 to 0.355935deg	 DONE
07/10/2025 12:43:08:	34	count	time	10.000000s/cts	O Det=1094	H Det=621	Mon Det=30870	Aux Det=1647	O+H=3362	 DONE
07/10/2025 12:43:20:	move motor	S18.axis2.phaseshifter 2 to 0.457630deg	 DONE
07/10/2025 12:43:22:	35	count	time	10.000000s/cts	O Det=1082	H Det=632	Mon Det=30552	Aux Det=1618	O+H=3332	 DONE
07/10/2025 12:43:33:	move motor	S18.axis2.phaseshifter 2 to 0.559325deg	 DONE
07/10/2025 12:43:35:	36	count	time	10.000000s/cts	O Det=835	H Det=839	Mon Det=30174	Aux Det=1641	O+H=3315	 DONE
07/10/2025 12:43:46:	move motor	S18.axis2.phaseshifter 2 to 0.661020deg	 DONE
07/10/2025 12:43:48:	37	count	time	10.000000s/cts	O Det=563	H Det=1100	Mon Det=30708	Aux Det=1658	O+H=3321	 DONE
07/10/2025 12:44:00:	move motor	S18.axis2.phaseshifter 2 to 0.762715deg	 DONE
07/10/2025 12:44:01:	38	count	time	10.000000s/cts	O Det=314	H Det=1365	Mon Det=30511	Aux Det=1642	O+H=3321	 DONE
07/10/2025 12:44:13:	move motor	S18.axis2.phaseshifter 2 to 0.864410deg	 DONE
07/10/2025 12:44:14:	39	count	time	10.000000s/cts	O Det=126	H Det=1405	Mon Det=30449	Aux Det=1657	O+H=3188	 DONE
07/10/2025 12:44:26:	move motor	S18.axis2.phaseshifter 2 to 0.966105deg	 DONE
07/10/2025 12:44:27:	40	count	time	10.000000s/cts	O Det=183	H Det=1365	Mon Det=30457	Aux Det=1653	O+H=3201	 DONE
07/10/2025 12:44:39:	move motor	S18.axis2.phaseshifter 2 to 1.067800deg	 DONE
07/10/2025 12:44:41:	41	count	time	10.000000s/cts	O Det=384	H Det=1222	Mon Det=30629	Aux Det=1688	O+H=3294	 DONE
07/10/2025 12:44:52:	move motor	S18.axis2.phaseshifter 2 to 1.169495deg	 DONE
07/10/2025 12:44:54:	42	count	time	10.000000s/cts	O Det=609	H Det=990	Mon Det=30593	Aux Det=1652	O+H=3251	 DONE
07/10/2025 12:45:06:	move motor	S18.axis2.phaseshifter 2 to 1.271190deg	 DONE
07/10/2025 12:45:07:	43	count	time	10.000000s/cts	O Det=976	H Det=738	Mon Det=30498	Aux Det=1648	O+H=3362	 DONE
07/10/2025 12:45:19:	move motor	S18.axis2.phaseshifter 2 to 1.372885deg	 DONE
07/10/2025 12:45:20:	44	count	time	10.000000s/cts	O Det=1112	H Det=628	Mon Det=30814	Aux Det=1593	O+H=3333	 DONE
07/10/2025 12:45:32:	move motor	S18.axis2.phaseshifter 2 to 1.474580deg	 DONE
07/10/2025 12:45:33:	45	count	time	10.000000s/cts	O Det=1056	H Det=619	Mon Det=30993	Aux Det=1605	O+H=3280	 DONE
07/10/2025 12:45:45:	move motor	S18.axis2.phaseshifter 2 to 1.576275deg	 DONE
07/10/2025 12:45:47:	46	count	time	10.000000s/cts	O Det=880	H Det=761	Mon Det=30711	Aux Det=1620	O+H=3261	 DONE
07/10/2025 12:45:58:	move motor	S18.axis2.phaseshifter 2 to 1.677970deg	 DONE
07/10/2025 12:46:00:	47	count	time	10.000000s/cts	O Det=544	H Det=1067	Mon Det=30638	Aux Det=1599	O+H=3210	 DONE
07/10/2025 12:46:12:	move motor	S18.axis2.phaseshifter 2 to 1.779665deg	 DONE
07/10/2025 12:46:13:	48	count	time	10.000000s/cts	O Det=284	H Det=1227	Mon Det=30653	Aux Det=1630	O+H=3141	 DONE
07/10/2025 12:46:25:	move motor	S18.axis2.phaseshifter 2 to 1.881360deg	 DONE
07/10/2025 12:46:26:	49	count	time	10.000000s/cts	O Det=164	H Det=1418	Mon Det=30688	Aux Det=1555	O+H=3137	 DONE
07/10/2025 12:46:38:	move motor	S18.axis2.phaseshifter 2 to 1.983055deg	 DONE
07/10/2025 12:46:39:	50	count	time	10.000000s/cts	O Det=134	H Det=1441	Mon Det=30667	Aux Det=1628	O+H=3203	 DONE
07/10/2025 12:46:51:	move motor	S18.axis2.phaseshifter 2 to 2.084750deg	 DONE
07/10/2025 12:46:53:	51	count	time	10.000000s/cts	O Det=367	H Det=1207	Mon Det=30932	Aux Det=1563	O+H=3137	 DONE
07/10/2025 12:47:04:	move motor	S18.axis2.phaseshifter 2 to 2.186445deg	 DONE
07/10/2025 12:47:06:	52	count	time	10.000000s/cts	O Det=633	H Det=937	Mon Det=30643	Aux Det=1552	O+H=3122	 DONE
07/10/2025 12:47:18:	move motor	S18.axis2.phaseshifter 2 to 2.288140deg	 DONE
07/10/2025 12:47:19:	53	count	time	10.000000s/cts	O Det=915	H Det=811	Mon Det=30713	Aux Det=1574	O+H=3300	 DONE
07/10/2025 12:47:31:	move motor	S18.axis2.phaseshifter 2 to 2.389835deg	 DONE
07/10/2025 12:47:32:	54	count	time	10.000000s/cts	O Det=1065	H Det=596	Mon Det=30661	Aux Det=1617	O+H=3278	 DONE
07/10/2025 12:47:44:	move motor	S18.axis2.phaseshifter 2 to 2.491530deg	 DONE
07/10/2025 12:47:45:	55	count	time	10.000000s/cts	O Det=1095	H Det=663	Mon Det=30768	Aux Det=1647	O+H=3405	 DONE
07/10/2025 12:47:57:	move motor	S18.axis2.phaseshifter 2 to 2.593225deg	 DONE
07/10/2025 12:47:59:	56	count	time	10.000000s/cts	O Det=891	H Det=778	Mon Det=30516	Aux Det=1530	O+H=3199	 DONE
07/10/2025 12:48:10:	move motor	S18.axis2.phaseshifter 2 to 2.694920deg	 DONE
07/10/2025 12:48:12:	57	count	time	10.000000s/cts	O Det=592	H Det=1035	Mon Det=30713	Aux Det=1591	O+H=3218	 DONE
07/10/2025 12:48:24:	move motor	S18.axis2.phaseshifter 2 to 2.796615deg	 DONE
07/10/2025 12:48:25:	58	count	time	10.000000s/cts	O Det=296	H Det=1370	Mon Det=30941	Aux Det=1548	O+H=3214	 DONE
07/10/2025 12:48:37:	move motor	S18.axis2.phaseshifter 2 to 2.898310deg	 DONE
07/10/2025 12:48:38:	59	count	time	10.000000s/cts	O Det=139	H Det=1514	Mon Det=30375	Aux Det=1515	O+H=3168	 DONE
07/10/2025 12:48:50:	move motor	S18.axis2.phaseshifter 2 to 3.000005deg	 DONE
07/10/2025 12:48:51:	60	count	time	10.000000s/cts	O Det=180	H Det=1408	Mon Det=30840	Aux Det=1615	O+H=3203	 DONE
07/10/2025 12:49:03:	close file and end scan	 DONE
call of ifg2_newPS_6p10s_B2.sc DONE
07/10/2025 12:49:04:	move motor	S18.axis2.Aperture Y to 18.00000mm	reached 18.00000  DONE
07/10/2025 12:49:08:	move motor	S18.axis2.phaseshifter 2 to -3.100000deg	 DONE
07/10/2025 12:49:11:	create file	D:\data\Cycle 198\exp_3-16-19\rawdata\sc\Aperture_scan_ifg2_newPS_B2_6p10s_07Oct1249.dat	 DONE
room to enter remarks DONE
07/10/2025 12:49:12:	move motor	S18.axis2.phaseshifter 2 to -3.000000deg	 DONE
07/10/2025 12:49:14:	1	count	time	10.000000s/cts	O Det=541	H Det=1197	Mon Det=30833	Aux Det=1528	O+H=3266	 DONE
07/10/2025 12:49:26:	move motor	S18.axis2.phaseshifter 2 to -2.898305deg	 DONE
07/10/2025 12:49:27:	2	count	time	10.000000s/cts	O Det=715	H Det=1010	Mon Det=30681	Aux Det=1573	O+H=3298	 DONE
07/10/2025 12:49:39:	move motor	S18.axis2.phaseshifter 2 to -2.796610deg	 DONE
07/10/2025 12:49:40:	3	count	time	10.000000s/cts	O Det=939	H Det=889	Mon Det=30652	Aux Det=1543	O+H=3371	 DONE
07/10/2025 12:49:52:	move motor	S18.axis2.phaseshifter 2 to -2.694915deg	 DONE
07/10/2025 12:49:53:	4	count	time	10.000000s/cts	O Det=1081	H Det=812	Mon Det=30585	Aux Det=1645	O+H=3538	 DONE
07/10/2025 12:50:05:	move motor	S18.axis2.phaseshifter 2 to -2.593220deg	 DONE
07/10/2025 12:50:07:	5	count	time	10.000000s/cts	O Det=966	H Det=865	Mon Det=30717	Aux Det=1631	O+H=3462	 DONE
07/10/2025 12:50:18:	move motor	S18.axis2.phaseshifter 2 to -2.491525deg	 DONE
07/10/2025 12:50:20:	6	count	time	10.000000s/cts	O Det=721	H Det=1075	Mon Det=30785	Aux Det=1570	O+H=3366	 DONE
07/10/2025 12:50:32:	move motor	S18.axis2.phaseshifter 2 to -2.389830deg	 DONE
07/10/2025 12:50:33:	7	count	time	10.000000s/cts	O Det=471	H Det=1268	Mon Det=30419	Aux Det=1589	O+H=3328	 DONE
07/10/2025 12:50:45:	move motor	S18.axis2.phaseshifter 2 to -2.288135deg	 DONE
07/10/2025 12:50:46:	8	count	time	10.000000s/cts	O Det=201	H Det=1609	Mon Det=30325	Aux Det=1554	O+H=3364	 DONE
07/10/2025 12:50:58:	move motor	S18.axis2.phaseshifter 2 to -2.186440deg	 DONE
07/10/2025 12:51:00:	9	count	time	10.000000s/cts	O Det=125	H Det=1608	Mon Det=30454	Aux Det=1532	O+H=3265	 DONE
07/10/2025 12:51:11:	move motor	S18.axis2.phaseshifter 2 to -2.084745deg	 DONE
07/10/2025 12:51:13:	10	count	time	10.000000s/cts	O Det=244	H Det=1437	Mon Det=30535	Aux Det=1505	O+H=3186	 DONE
07/10/2025 12:51:25:	move motor	S18.axis2.phaseshifter 2 to -1.983050deg	 DONE
07/10/2025 12:51:26:	11	count	time	10.000000s/cts	O Det=476	H Det=1318	Mon Det=30418	Aux Det=1522	O+H=3316	 DONE
07/10/2025 12:51:38:	move motor	S18.axis2.phaseshifter 2 to -1.881355deg	 DONE
07/10/2025 12:51:39:	12	count	time	10.000000s/cts	O Det=818	H Det=999	Mon Det=30468	Aux Det=1473	O+H=3290	 DONE
07/10/2025 12:51:51:	move motor	S18.axis2.phaseshifter 2 to -1.779660deg	 DONE
07/10/2025 12:51:52:	13	count	time	10.000000s/cts	O Det=1024	H Det=868	Mon Det=30650	Aux Det=1566	O+H=3458	 DONE
07/10/2025 12:52:04:	move motor	S18.axis2.phaseshifter 2 to -1.677965deg	 DONE
07/10/2025 12:52:06:	14	count	time	10.000000s/cts	O Det=1041	H Det=789	Mon Det=30734	Aux Det=1548	O+H=3378	 DONE
07/10/2025 12:52:17:	move motor	S18.axis2.phaseshifter 2 to -1.576270deg	 DONE
07/10/2025 12:52:19:	15	count	time	10.000000s/cts	O Det=972	H Det=894	Mon Det=30647	Aux Det=1556	O+H=3422	 DONE
07/10/2025 12:52:31:	move motor	S18.axis2.phaseshifter 2 to -1.474575deg	 DONE
07/10/2025 12:52:32:	16	count	time	10.000000s/cts	O Det=714	H Det=1069	Mon Det=30467	Aux Det=1571	O+H=3354	 DONE
07/10/2025 12:52:44:	move motor	S18.axis2.phaseshifter 2 to -1.372880deg	 DONE
07/10/2025 12:52:45:	17	count	time	10.000000s/cts	O Det=386	H Det=1319	Mon Det=30499	Aux Det=1509	O+H=3214	 DONE
07/10/2025 12:52:57:	move motor	S18.axis2.phaseshifter 2 to -1.271185deg	 DONE
07/10/2025 12:52:59:	18	count	time	10.000000s/cts	O Det=198	H Det=1585	Mon Det=30453	Aux Det=1536	O+H=3319	 DONE
07/10/2025 12:53:10:	move motor	S18.axis2.phaseshifter 2 to -1.169490deg	 DONE
07/10/2025 12:53:12:	19	count	time	10.000000s/cts	O Det=138	H Det=1583	Mon Det=30695	Aux Det=1564	O+H=3285	 DONE
07/10/2025 12:53:24:	move motor	S18.axis2.phaseshifter 2 to -1.067795deg	 DONE
07/10/2025 12:53:25:	20	count	time	10.000000s/cts	O Det=283	H Det=1516	Mon Det=30422	Aux Det=1509	O+H=3308	 DONE
07/10/2025 12:53:37:	move motor	S18.axis2.phaseshifter 2 to -0.966100deg	 DONE
07/10/2025 12:53:38:	21	count	time	10.000000s/cts	O Det=489	H Det=1281	Mon Det=30435	Aux Det=1474	O+H=3244	 DONE
07/10/2025 12:53:50:	move motor	S18.axis2.phaseshifter 2 to -0.864405deg	 DONE
07/10/2025 12:53:52:	22	count	time	10.000000s/cts	O Det=695	H Det=1056	Mon Det=30565	Aux Det=1460	O+H=3211	 DONE
07/10/2025 12:54:03:	move motor	S18.axis2.phaseshifter 2 to -0.762710deg	 DONE
07/10/2025 12:54:05:	23	count	time	10.000000s/cts	O Det=1002	H Det=865	Mon Det=30538	Aux Det=1453	O+H=3320	 DONE
07/10/2025 12:54:17:	move motor	S18.axis2.phaseshifter 2 to -0.661015deg	 DONE
07/10/2025 12:54:18:	24	count	time	10.000000s/cts	O Det=1084	H Det=712	Mon Det=30452	Aux Det=1444	O+H=3240	 DONE
07/10/2025 12:54:30:	move motor	S18.axis2.phaseshifter 2 to -0.559320deg	 DONE
07/10/2025 12:54:31:	25	count	time	10.000000s/cts	O Det=851	H Det=941	Mon Det=30455	Aux Det=1447	O+H=3239	 DONE
07/10/2025 12:54:43:	move motor	S18.axis2.phaseshifter 2 to -0.457625deg	 DONE
07/10/2025 12:54:44:	26	count	time	10.000000s/cts	O Det=675	H Det=1106	Mon Det=30634	Aux Det=1376	O+H=3157	 DONE
07/10/2025 12:54:56:	move motor	S18.axis2.phaseshifter 2 to -0.355930deg	 DONE
07/10/2025 12:54:58:	27	count	time	10.000000s/cts	O Det=411	H Det=1342	Mon Det=30736	Aux Det=1472	O+H=3225	 DONE
07/10/2025 12:55:09:	move motor	S18.axis2.phaseshifter 2 to -0.254235deg	 DONE
07/10/2025 12:55:11:	28	count	time	10.000000s/cts	O Det=221	H Det=1526	Mon Det=30306	Aux Det=1457	O+H=3204	 DONE
07/10/2025 12:55:23:	move motor	S18.axis2.phaseshifter 2 to -0.152540deg	 DONE
07/10/2025 12:55:24:	29	count	time	10.000000s/cts	O Det=166	H Det=1601	Mon Det=30442	Aux Det=1406	O+H=3173	 DONE
07/10/2025 12:55:36:	move motor	S18.axis2.phaseshifter 2 to -0.050845deg	 DONE
07/10/2025 12:55:37:	30	count	time	10.000000s/cts	O Det=251	H Det=1537	Mon Det=30573	Aux Det=1430	O+H=3218	 DONE
07/10/2025 12:55:49:	move motor	S18.axis2.phaseshifter 2 to 0.050850deg	 DONE
07/10/2025 12:55:50:	31	count	time	10.000000s/cts	O Det=490	H Det=1272	Mon Det=30598	Aux Det=1493	O+H=3255	 DONE
07/10/2025 12:56:02:	move motor	S18.axis2.phaseshifter 2 to 0.152545deg	 DONE
07/10/2025 12:56:04:	32	count	time	10.000000s/cts	O Det=675	H Det=1069	Mon Det=30482	Aux Det=1492	O+H=3236	 DONE
07/10/2025 12:56:15:	move motor	S18.axis2.phaseshifter 2 to 0.254240deg	 DONE
07/10/2025 12:56:17:	33	count	time	10.000000s/cts	O Det=920	H Det=843	Mon Det=30526	Aux Det=1473	O+H=3236	 DONE
07/10/2025 12:56:29:	move motor	S18.axis2.phaseshifter 2 to 0.355935deg	 DONE
07/10/2025 12:56:30:	34	count	time	10.000000s/cts	O Det=1061	H Det=771	Mon Det=30540	Aux Det=1453	O+H=3285	 DONE
07/10/2025 12:56:42:	move motor	S18.axis2.phaseshifter 2 to 0.457630deg	 DONE
07/10/2025 12:56:43:	35	count	time	10.000000s/cts	O Det=993	H Det=830	Mon Det=30887	Aux Det=1511	O+H=3334	 DONE
07/10/2025 12:56:55:	move motor	S18.axis2.phaseshifter 2 to 0.559325deg	 DONE
07/10/2025 12:56:57:	36	count	time	10.000000s/cts	O Det=820	H Det=1051	Mon Det=30705	Aux Det=1484	O+H=3355	 DONE
07/10/2025 12:57:08:	move motor	S18.axis2.phaseshifter 2 to 0.661020deg	 DONE
07/10/2025 12:57:10:	37	count	time	10.000000s/cts	O Det=517	H Det=1242	Mon Det=30424	Aux Det=1520	O+H=3279	 DONE
07/10/2025 12:57:22:	move motor	S18.axis2.phaseshifter 2 to 0.762715deg	 DONE
07/10/2025 12:57:23:	38	count	time	10.000000s/cts	O Det=240	H Det=1539	Mon Det=30692	Aux Det=1489	O+H=3268	 DONE
07/10/2025 12:57:35:	move motor	S18.axis2.phaseshifter 2 to 0.864410deg	 DONE
07/10/2025 12:57:36:	39	count	time	10.000000s/cts	O Det=177	H Det=1566	Mon Det=30480	Aux Det=1420	O+H=3163	 DONE
07/10/2025 12:57:48:	move motor	S18.axis2.phaseshifter 2 to 0.966105deg	 DONE
07/10/2025 12:57:50:	40	count	time	10.000000s/cts	O Det=183	H Det=1562	Mon Det=30632	Aux Det=1512	O+H=3257	 DONE
07/10/2025 12:58:01:	move motor	S18.axis2.phaseshifter 2 to 1.067800deg	 DONE
07/10/2025 12:58:03:	41	count	time	10.000000s/cts	O Det=437	H Det=1343	Mon Det=30486	Aux Det=1377	O+H=3157	 DONE
07/10/2025 12:58:15:	move motor	S18.axis2.phaseshifter 2 to 1.169495deg	 DONE
07/10/2025 12:58:16:	42	count	time	10.000000s/cts	O Det=745	H Det=1097	Mon Det=30729	Aux Det=1470	O+H=3312	 DONE
07/10/2025 12:58:28:	move motor	S18.axis2.phaseshifter 2 to 1.271190deg	 DONE
07/10/2025 12:58:29:	43	count	time	10.000000s/cts	O Det=920	H Det=914	Mon Det=30407	Aux Det=1393	O+H=3227	 DONE
07/10/2025 12:58:41:	move motor	S18.axis2.phaseshifter 2 to 1.372885deg	 DONE
07/10/2025 12:58:42:	44	count	time	10.000000s/cts	O Det=1028	H Det=769	Mon Det=30569	Aux Det=1427	O+H=3224	 DONE
07/10/2025 12:58:54:	move motor	S18.axis2.phaseshifter 2 to 1.474580deg	 DONE
07/10/2025 12:58:56:	45	count	time	10.000000s/cts	O Det=1046	H Det=800	Mon Det=30514	Aux Det=1456	O+H=3302	 DONE
07/10/2025 12:59:07:	move motor	S18.axis2.phaseshifter 2 to 1.576275deg	 DONE
07/10/2025 12:59:09:	46	count	time	10.000000s/cts	O Det=889	H Det=929	Mon Det=30557	Aux Det=1409	O+H=3227	 DONE
07/10/2025 12:59:21:	move motor	S18.axis2.phaseshifter 2 to 1.677970deg	 DONE
07/10/2025 12:59:22:	47	count	time	10.000000s/cts	O Det=549	H Det=1269	Mon Det=30487	Aux Det=1395	O+H=3213	 DONE
07/10/2025 12:59:34:	move motor	S18.axis2.phaseshifter 2 to 1.779665deg	 DONE
07/10/2025 12:59:35:	48	count	time	10.000000s/cts	O Det=284	H Det=1383	Mon Det=30344	Aux Det=1412	O+H=3079	 DONE
07/10/2025 12:59:47:	move motor	S18.axis2.phaseshifter 2 to 1.881360deg	 DONE
07/10/2025 12:59:49:	49	count	time	10.000000s/cts	O Det=154	H Det=1589	Mon Det=30453	Aux Det=1412	O+H=3155	 DONE
07/10/2025 13:00:00:	move motor	S18.axis2.phaseshifter 2 to 1.983055deg	 DONE
07/10/2025 13:00:02:	50	count	time	10.000000s/cts	O Det=195	H Det=1523	Mon Det=30595	Aux Det=1464	O+H=3182	 DONE
07/10/2025 13:00:14:	move motor	S18.axis2.phaseshifter 2 to 2.084750deg	 DONE
07/10/2025 13:00:15:	51	count	time	10.000000s/cts	O Det=387	H Det=1434	Mon Det=30628	Aux Det=1416	O+H=3237	 DONE
07/10/2025 13:00:27:	move motor	S18.axis2.phaseshifter 2 to 2.186445deg	 DONE
07/10/2025 13:00:28:	52	count	time	10.000000s/cts	O Det=681	H Det=1107	Mon Det=30780	Aux Det=1481	O+H=3269	 DONE
07/10/2025 13:00:40:	move motor	S18.axis2.phaseshifter 2 to 2.288140deg	 DONE
07/10/2025 13:00:41:	53	count	time	10.000000s/cts	O Det=886	H Det=895	Mon Det=30744	Aux Det=1454	O+H=3235	 DONE
07/10/2025 13:00:53:	move motor	S18.axis2.phaseshifter 2 to 2.389835deg	 DONE
07/10/2025 13:00:55:	54	count	time	10.000000s/cts	O Det=994	H Det=765	Mon Det=30726	Aux Det=1464	O+H=3223	 DONE
07/10/2025 13:01:06:	move motor	S18.axis2.phaseshifter 2 to 2.491530deg	 DONE
07/10/2025 13:01:08:	55	count	time	10.000000s/cts	O Det=941	H Det=793	Mon Det=30659	Aux Det=1442	O+H=3176	 DONE
07/10/2025 13:01:20:	move motor	S18.axis2.phaseshifter 2 to 2.593225deg	 DONE
07/10/2025 13:01:21:	56	count	time	10.000000s/cts	O Det=833	H Det=1060	Mon Det=30400	Aux Det=1452	O+H=3345	 DONE
07/10/2025 13:01:33:	move motor	S18.axis2.phaseshifter 2 to 2.694920deg	 DONE
07/10/2025 13:01:34:	57	count	time	10.000000s/cts	O Det=601	H Det=1219	Mon Det=30565	Aux Det=1430	O+H=3250	 DONE
07/10/2025 13:01:46:	move motor	S18.axis2.phaseshifter 2 to 2.796615deg	 DONE
07/10/2025 13:01:47:	58	count	time	10.000000s/cts	O Det=343	H Det=1448	Mon Det=30282	Aux Det=1366	O+H=3157	 DONE
07/10/2025 13:01:59:	move motor	S18.axis2.phaseshifter 2 to 2.898310deg	 DONE
07/10/2025 13:02:01:	59	count	time	10.000000s/cts	O Det=165	H Det=1604	Mon Det=30648	Aux Det=1405	O+H=3174	 DONE
07/10/2025 13:02:12:	move motor	S18.axis2.phaseshifter 2 to 3.000005deg	 DONE
07/10/2025 13:02:14:	60	count	time	10.000000s/cts	O Det=180	H Det=1481	Mon Det=30541	Aux Det=1397	O+H=3058	 DONE
07/10/2025 13:02:26:	close file and end scan	 DONE
call of ifg2_newPS_6p10s_B2.sc DONE
07/10/2025 13:02:27:	move motor	S18.axis2.Aperture Z to 11.00000mm	reached 11.00000  DONE
07/10/2025 13:02:30:	move motor	S18.axis2.Aperture Y to 15.00000mm	reached 15.00000  DONE
07/10/2025 13:02:34:	move motor	S18.axis2.phaseshifter 2 to -3.100000deg	 DONE
07/10/2025 13:02:38:	create file	D:\data\Cycle 198\exp_3-16-19\rawdata\sc\Aperture_scan_ifg2_newPS_B2_6p10s_07Oct1302.dat	 DONE
room to enter remarks DONE
07/10/2025 13:02:39:	move motor	S18.axis2.phaseshifter 2 to -3.000000deg	 DONE
07/10/2025 13:02:40:	1	count	time	10.000000s/cts	O Det=507	H Det=944	Mon Det=30773	Aux Det=1084	O+H=2535	 DONE
07/10/2025 13:02:52:	move motor	S18.axis2.phaseshifter 2 to -2.898305deg	 DONE
07/10/2025 13:02:53:	2	count	time	10.000000s/cts	O Det=763	H Det=677	Mon Det=30616	Aux Det=1072	O+H=2512	 DONE
07/10/2025 13:03:05:	move motor	S18.axis2.phaseshifter 2 to -2.796610deg	 DONE
07/10/2025 13:03:07:	3	count	time	10.000000s/cts	O Det=930	H Det=551	Mon Det=30787	Aux Det=1121	O+H=2602	 DONE
07/10/2025 13:03:18:	move motor	S18.axis2.phaseshifter 2 to -2.694915deg	 DONE
07/10/2025 13:03:20:	4	count	time	10.000000s/cts	O Det=941	H Det=539	Mon Det=30476	Aux Det=1077	O+H=2557	 DONE
07/10/2025 13:03:32:	move motor	S18.axis2.phaseshifter 2 to -2.593220deg	 DONE
07/10/2025 13:03:33:	5	count	time	10.000000s/cts	O Det=920	H Det=622	Mon Det=31143	Aux Det=1130	O+H=2672	 DONE
07/10/2025 13:03:45:	move motor	S18.axis2.phaseshifter 2 to -2.491525deg	 DONE
07/10/2025 13:03:46:	6	count	time	10.000000s/cts	O Det=636	H Det=846	Mon Det=30589	Aux Det=1129	O+H=2611	 DONE
07/10/2025 13:03:58:	move motor	S18.axis2.phaseshifter 2 to -2.389830deg	 DONE
07/10/2025 13:03:59:	7	count	time	10.000000s/cts	O Det=332	H Det=1067	Mon Det=30501	Aux Det=1060	O+H=2459	 DONE
07/10/2025 13:04:11:	move motor	S18.axis2.phaseshifter 2 to -2.288135deg	 DONE
07/10/2025 13:04:13:	8	count	time	10.000000s/cts	O Det=192	H Det=1231	Mon Det=30445	Aux Det=1106	O+H=2529	 DONE
07/10/2025 13:04:24:	move motor	S18.axis2.phaseshifter 2 to -2.186440deg	 DONE
07/10/2025 13:04:26:	9	count	time	10.000000s/cts	O Det=149	H Det=1190	Mon Det=30506	Aux Det=1095	O+H=2434	 DONE
07/10/2025 13:04:38:	move motor	S18.axis2.phaseshifter 2 to -2.084745deg	 DONE
07/10/2025 13:04:39:	10	count	time	10.000000s/cts	O Det=252	H Det=1119	Mon Det=30024	Aux Det=1118	O+H=2489	 DONE
07/10/2025 13:04:51:	move motor	S18.axis2.phaseshifter 2 to -1.983050deg	 DONE
07/10/2025 13:04:52:	11	count	time	10.000000s/cts	O Det=551	H Det=970	Mon Det=30664	Aux Det=1045	O+H=2566	 DONE
07/10/2025 13:05:04:	move motor	S18.axis2.phaseshifter 2 to -1.881355deg	 DONE
07/10/2025 13:05:05:	12	count	time	10.000000s/cts	O Det=733	H Det=735	Mon Det=30641	Aux Det=1068	O+H=2536	 DONE
07/10/2025 13:05:17:	move motor	S18.axis2.phaseshifter 2 to -1.779660deg	 DONE
07/10/2025 13:05:19:	13	count	time	10.000000s/cts	O Det=846	H Det=626	Mon Det=30697	Aux Det=1027	O+H=2499	 DONE
07/10/2025 13:05:30:	move motor	S18.axis2.phaseshifter 2 to -1.677965deg	 DONE
07/10/2025 13:05:32:	14	count	time	10.000000s/cts	O Det=980	H Det=579	Mon Det=30715	Aux Det=1150	O+H=2709	 DONE
07/10/2025 13:05:44:	move motor	S18.axis2.phaseshifter 2 to -1.576270deg	 DONE
07/10/2025 13:05:45:	15	count	time	10.000000s/cts	O Det=859	H Det=672	Mon Det=30372	Aux Det=1009	O+H=2540	 DONE
07/10/2025 13:05:57:	move motor	S18.axis2.phaseshifter 2 to -1.474575deg	 DONE
07/10/2025 13:05:58:	16	count	time	10.000000s/cts	O Det=648	H Det=841	Mon Det=30544	Aux Det=1108	O+H=2597	 DONE
07/10/2025 13:06:10:	move motor	S18.axis2.phaseshifter 2 to -1.372880deg	 DONE
07/10/2025 13:06:11:	17	count	time	10.000000s/cts	O Det=325	H Det=1131	Mon Det=30712	Aux Det=1034	O+H=2490	 DONE
07/10/2025 13:06:23:	move motor	S18.axis2.phaseshifter 2 to -1.271185deg	 DONE
07/10/2025 13:06:25:	18	count	time	10.000000s/cts	O Det=175	H Det=1219	Mon Det=30630	Aux Det=938	O+H=2332	 DONE
07/10/2025 13:06:36:	move motor	S18.axis2.phaseshifter 2 to -1.169490deg	 DONE
07/10/2025 13:06:38:	19	count	time	10.000000s/cts	O Det=136	H Det=1243	Mon Det=30620	Aux Det=1061	O+H=2440	 DONE
07/10/2025 13:06:50:	move motor	S18.axis2.phaseshifter 2 to -1.067795deg	 DONE
07/10/2025 13:06:51:	20	count	time	10.000000s/cts	O Det=254	H Det=1111	Mon Det=30441	Aux Det=1091	O+H=2456	 DONE
07/10/2025 13:07:03:	move motor	S18.axis2.phaseshifter 2 to -0.966100deg	 DONE
07/10/2025 13:07:04:	21	count	time	10.000000s/cts	O Det=493	H Det=938	Mon Det=30217	Aux Det=942	O+H=2373	 DONE
07/10/2025 13:07:16:	move motor	S18.axis2.phaseshifter 2 to -0.864405deg	 DONE
07/10/2025 13:07:17:	22	count	time	10.000000s/cts	O Det=708	H Det=778	Mon Det=30508	Aux Det=953	O+H=2439	 DONE
07/10/2025 13:07:29:	move motor	S18.axis2.phaseshifter 2 to -0.762710deg	 DONE
07/10/2025 13:07:31:	23	count	time	10.000000s/cts	O Det=863	H Det=591	Mon Det=30764	Aux Det=996	O+H=2450	 DONE
07/10/2025 13:07:42:	move motor	S18.axis2.phaseshifter 2 to -0.661015deg	 DONE
07/10/2025 13:07:44:	24	count	time	10.000000s/cts	O Det=1065	H Det=492	Mon Det=30492	Aux Det=981	O+H=2538	 DONE
07/10/2025 13:07:56:	move motor	S18.axis2.phaseshifter 2 to -0.559320deg	 DONE
07/10/2025 13:07:57:	25	count	time	10.000000s/cts	O Det=849	H Det=628	Mon Det=30342	Aux Det=985	O+H=2462	 DONE
07/10/2025 13:08:09:	move motor	S18.axis2.phaseshifter 2 to -0.457625deg	 DONE
07/10/2025 13:08:10:	26	count	time	10.000000s/cts	O Det=618	H Det=828	Mon Det=30407	Aux Det=1002	O+H=2448	 DONE
07/10/2025 13:08:22:	move motor	S18.axis2.phaseshifter 2 to -0.355930deg	 DONE
07/10/2025 13:08:23:	27	count	time	10.000000s/cts	O Det=402	H Det=1050	Mon Det=30420	Aux Det=1018	O+H=2470	 DONE
07/10/2025 13:08:35:	move motor	S18.axis2.phaseshifter 2 to -0.254235deg	 DONE
07/10/2025 13:08:37:	28	count	time	10.000000s/cts	O Det=195	H Det=1150	Mon Det=30598	Aux Det=908	O+H=2253	 DONE
07/10/2025 13:08:48:	move motor	S18.axis2.phaseshifter 2 to -0.152540deg	 DONE
07/10/2025 13:08:50:	29	count	time	10.000000s/cts	O Det=138	H Det=1280	Mon Det=30692	Aux Det=961	O+H=2379	 DONE
07/10/2025 13:09:02:	move motor	S18.axis2.phaseshifter 2 to -0.050845deg	 DONE
07/10/2025 13:09:03:	30	count	time	10.000000s/cts	O Det=202	H Det=1201	Mon Det=30267	Aux Det=933	O+H=2336	 DONE
07/10/2025 13:09:15:	move motor	S18.axis2.phaseshifter 2 to 0.050850deg	 DONE
07/10/2025 13:09:16:	31	count	time	10.000000s/cts	O Det=442	H Det=993	Mon Det=30700	Aux Det=921	O+H=2356	 DONE
07/10/2025 13:09:28:	move motor	S18.axis2.phaseshifter 2 to 0.152545deg	 DONE
07/10/2025 13:09:29:	32	count	time	10.000000s/cts	O Det=694	H Det=780	Mon Det=30638	Aux Det=976	O+H=2450	 DONE
07/10/2025 13:09:41:	move motor	S18.axis2.phaseshifter 2 to 0.254240deg	 DONE
07/10/2025 13:09:43:	33	count	time	10.000000s/cts	O Det=873	H Det=639	Mon Det=30538	Aux Det=968	O+H=2480	 DONE
07/10/2025 13:09:54:	move motor	S18.axis2.phaseshifter 2 to 0.355935deg	 DONE
07/10/2025 13:09:56:	34	count	time	10.000000s/cts	O Det=917	H Det=573	Mon Det=30613	Aux Det=963	O+H=2453	 DONE
07/10/2025 13:10:08:	move motor	S18.axis2.phaseshifter 2 to 0.457630deg	 DONE
07/10/2025 13:10:09:	35	count	time	10.000000s/cts	O Det=853	H Det=632	Mon Det=30422	Aux Det=968	O+H=2453	 DONE
07/10/2025 13:10:21:	move motor	S18.axis2.phaseshifter 2 to 0.559325deg	 DONE
07/10/2025 13:10:22:	36	count	time	10.000000s/cts	O Det=709	H Det=825	Mon Det=29891	Aux Det=882	O+H=2416	 DONE
07/10/2025 13:10:34:	move motor	S18.axis2.phaseshifter 2 to 0.661020deg	 DONE
07/10/2025 13:10:35:	37	count	time	10.000000s/cts	O Det=485	H Det=946	Mon Det=30509	Aux Det=1074	O+H=2505	 DONE
07/10/2025 13:10:47:	move motor	S18.axis2.phaseshifter 2 to 0.762715deg	 DONE
07/10/2025 13:10:49:	38	count	time	10.000000s/cts	O Det=259	H Det=1119	Mon Det=30520	Aux Det=1047	O+H=2425	 DONE
07/10/2025 13:11:00:	move motor	S18.axis2.phaseshifter 2 to 0.864410deg	 DONE
07/10/2025 13:11:02:	39	count	time	10.000000s/cts	O Det=132	H Det=1220	Mon Det=30764	Aux Det=1046	O+H=2398	 DONE
07/10/2025 13:11:14:	move motor	S18.axis2.phaseshifter 2 to 0.966105deg	 DONE
07/10/2025 13:11:15:	40	count	time	10.000000s/cts	O Det=180	H Det=1202	Mon Det=30269	Aux Det=949	O+H=2331	 DONE
07/10/2025 13:11:27:	move motor	S18.axis2.phaseshifter 2 to 1.067800deg	 DONE
07/10/2025 13:11:28:	41	count	time	10.000000s/cts	O Det=404	H Det=987	Mon Det=30285	Aux Det=899	O+H=2290	 DONE
07/10/2025 13:11:40:	move motor	S18.axis2.phaseshifter 2 to 1.169495deg	 DONE
07/10/2025 13:11:41:	42	count	time	10.000000s/cts	O Det=630	H Det=830	Mon Det=30744	Aux Det=899	O+H=2359	 DONE
07/10/2025 13:11:53:	move motor	S18.axis2.phaseshifter 2 to 1.271190deg	 DONE
07/10/2025 13:11:55:	43	count	time	10.000000s/cts	O Det=814	H Det=565	Mon Det=30604	Aux Det=921	O+H=2300	 DONE
07/10/2025 13:12:06:	move motor	S18.axis2.phaseshifter 2 to 1.372885deg	 DONE
07/10/2025 13:12:08:	44	count	time	10.000000s/cts	O Det=886	H Det=526	Mon Det=30398	Aux Det=866	O+H=2278	 DONE
07/10/2025 13:12:20:	move motor	S18.axis2.phaseshifter 2 to 1.474580deg	 DONE
07/10/2025 13:12:21:	45	count	time	10.000000s/cts	O Det=906	H Det=593	Mon Det=30614	Aux Det=952	O+H=2451	 DONE
07/10/2025 13:12:33:	move motor	S18.axis2.phaseshifter 2 to 1.576275deg	 DONE
07/10/2025 13:12:34:	46	count	time	10.000000s/cts	O Det=806	H Det=700	Mon Det=30528	Aux Det=980	O+H=2486	 DONE
07/10/2025 13:12:46:	move motor	S18.axis2.phaseshifter 2 to 1.677970deg	 DONE
07/10/2025 13:12:47:	47	count	time	10.000000s/cts	O Det=458	H Det=995	Mon Det=30668	Aux Det=890	O+H=2343	 DONE
07/10/2025 13:12:59:	move motor	S18.axis2.phaseshifter 2 to 1.779665deg	 DONE
07/10/2025 13:13:01:	48	count	time	10.000000s/cts	O Det=255	H Det=1151	Mon Det=30402	Aux Det=923	O+H=2329	 DONE
07/10/2025 13:13:12:	move motor	S18.axis2.phaseshifter 2 to 1.881360deg	 DONE
07/10/2025 13:13:14:	49	count	time	10.000000s/cts	O Det=157	H Det=1250	Mon Det=30356	Aux Det=945	O+H=2352	 DONE
07/10/2025 13:13:26:	move motor	S18.axis2.phaseshifter 2 to 1.983055deg	 DONE
07/10/2025 13:13:27:	50	count	time	10.000000s/cts	O Det=181	H Det=1211	Mon Det=30339	Aux Det=973	O+H=2365	 DONE
07/10/2025 13:13:39:	move motor	S18.axis2.phaseshifter 2 to 2.084750deg	 DONE
07/10/2025 13:13:40:	51	count	time	10.000000s/cts	O Det=354	H Det=1022	Mon Det=30584	Aux Det=917	O+H=2293	 DONE
07/10/2025 13:13:52:	move motor	S18.axis2.phaseshifter 2 to 2.186445deg	 DONE
07/10/2025 13:13:53:	52	count	time	10.000000s/cts	O Det=583	H Det=801	Mon Det=30717	Aux Det=891	O+H=2275	 DONE
07/10/2025 13:14:05:	move motor	S18.axis2.phaseshifter 2 to 2.288140deg	 DONE
07/10/2025 13:14:07:	53	count	time	10.000000s/cts	O Det=743	H Det=633	Mon Det=30460	Aux Det=976	O+H=2352	 DONE
07/10/2025 13:14:18:	move motor	S18.axis2.phaseshifter 2 to 2.389835deg	 DONE
07/10/2025 13:14:20:	54	count	time	10.000000s/cts	O Det=932	H Det=587	Mon Det=30487	Aux Det=896	O+H=2415	 DONE
07/10/2025 13:14:32:	move motor	S18.axis2.phaseshifter 2 to 2.491530deg	 DONE
07/10/2025 13:14:33:	55	count	time	10.000000s/cts	O Det=932	H Det=616	Mon Det=30486	Aux Det=911	O+H=2459	 DONE
07/10/2025 13:14:45:	move motor	S18.axis2.phaseshifter 2 to 2.593225deg	 DONE
07/10/2025 13:14:46:	56	count	time	10.000000s/cts	O Det=740	H Det=737	Mon Det=30844	Aux Det=869	O+H=2346	 DONE
07/10/2025 13:14:58:	move motor	S18.axis2.phaseshifter 2 to 2.694920deg	 DONE
07/10/2025 13:14:59:	57	count	time	10.000000s/cts	O Det=543	H Det=848	Mon Det=30451	Aux Det=852	O+H=2243	 DONE
07/10/2025 13:15:11:	move motor	S18.axis2.phaseshifter 2 to 2.796615deg	 DONE
07/10/2025 13:15:13:	58	count	time	10.000000s/cts	O Det=290	H Det=1112	Mon Det=30481	Aux Det=951	O+H=2353	 DONE
07/10/2025 13:15:24:	move motor	S18.axis2.phaseshifter 2 to 2.898310deg	 DONE
07/10/2025 13:15:26:	59	count	time	10.000000s/cts	O Det=161	H Det=1255	Mon Det=30513	Aux Det=964	O+H=2380	 DONE
07/10/2025 13:15:38:	move motor	S18.axis2.phaseshifter 2 to 3.000005deg	 DONE
07/10/2025 13:15:39:	60	count	time	10.000000s/cts	O Det=161	H Det=1258	Mon Det=30683	Aux Det=962	O+H=2381	 DONE
07/10/2025 13:15:51:	close file and end scan	 DONE
call of ifg2_newPS_6p10s_B2.sc DONE
07/10/2025 13:15:52:	move motor	S18.axis2.Aperture Y to 16.50000mm	reached 16.50000  DONE
07/10/2025 13:15:55:	move motor	S18.axis2.phaseshifter 2 to -3.100000deg	 DONE
07/10/2025 13:15:59:	create file	D:\data\Cycle 198\exp_3-16-19\rawdata\sc\Aperture_scan_ifg2_newPS_B2_6p10s_07Oct1315.dat	 DONE
room to enter remarks DONE
07/10/2025 13:16:00:	move motor	S18.axis2.phaseshifter 2 to -3.000000deg	 DONE
07/10/2025 13:16:02:	1	count	time	10.000000s/cts	O Det=509	H Det=1150	Mon Det=30545	Aux Det=1508	O+H=3167	 DONE
07/10/2025 13:16:13:	move motor	S18.axis2.phaseshifter 2 to -2.898305deg	 DONE
07/10/2025 13:16:15:	2	count	time	10.000000s/cts	O Det=772	H Det=836	Mon Det=30565	Aux Det=1496	O+H=3104	 DONE
07/10/2025 13:16:26:	move motor	S18.axis2.phaseshifter 2 to -2.796610deg	 DONE
07/10/2025 13:16:28:	3	count	time	10.000000s/cts	O Det=967	H Det=758	Mon Det=30757	Aux Det=1450	O+H=3175	 DONE
07/10/2025 13:16:40:	move motor	S18.axis2.phaseshifter 2 to -2.694915deg	 DONE
07/10/2025 13:16:41:	4	count	time	10.000000s/cts	O Det=1078	H Det=675	Mon Det=30951	Aux Det=1525	O+H=3278	 DONE
07/10/2025 13:16:53:	move motor	S18.axis2.phaseshifter 2 to -2.593220deg	 DONE
07/10/2025 13:16:54:	5	count	time	10.000000s/cts	O Det=891	H Det=853	Mon Det=30341	Aux Det=1402	O+H=3146	 DONE
07/10/2025 13:17:06:	move motor	S18.axis2.phaseshifter 2 to -2.491525deg	 DONE
07/10/2025 13:17:07:	6	count	time	10.000000s/cts	O Det=725	H Det=1007	Mon Det=30704	Aux Det=1564	O+H=3296	 DONE
07/10/2025 13:17:19:	move motor	S18.axis2.phaseshifter 2 to -2.389830deg	 DONE
07/10/2025 13:17:21:	7	count	time	10.000000s/cts	O Det=412	H Det=1225	Mon Det=30506	Aux Det=1523	O+H=3160	 DONE
07/10/2025 13:17:32:	move motor	S18.axis2.phaseshifter 2 to -2.288135deg	 DONE
07/10/2025 13:17:34:	8	count	time	10.000000s/cts	O Det=244	H Det=1394	Mon Det=30316	Aux Det=1517	O+H=3155	 DONE
07/10/2025 13:17:46:	move motor	S18.axis2.phaseshifter 2 to -2.186440deg	 DONE
07/10/2025 13:17:47:	9	count	time	10.000000s/cts	O Det=174	H Det=1444	Mon Det=30577	Aux Det=1450	O+H=3068	 DONE
07/10/2025 13:17:59:	move motor	S18.axis2.phaseshifter 2 to -2.084745deg	 DONE
07/10/2025 13:18:00:	10	count	time	10.000000s/cts	O Det=324	H Det=1318	Mon Det=30281	Aux Det=1498	O+H=3140	 DONE
07/10/2025 13:18:12:	move motor	S18.axis2.phaseshifter 2 to -1.983050deg	 DONE
07/10/2025 13:18:13:	11	count	time	10.000000s/cts	O Det=534	H Det=1132	Mon Det=30622	Aux Det=1455	O+H=3121	 DONE
07/10/2025 13:18:25:	move motor	S18.axis2.phaseshifter 2 to -1.881355deg	 DONE
07/10/2025 13:18:27:	12	count	time	10.000000s/cts	O Det=822	H Det=863	Mon Det=30393	Aux Det=1429	O+H=3114	 DONE
07/10/2025 13:18:38:	move motor	S18.axis2.phaseshifter 2 to -1.779660deg	 DONE
07/10/2025 13:18:40:	13	count	time	10.000000s/cts	O Det=1041	H Det=685	Mon Det=30552	Aux Det=1434	O+H=3160	 DONE
07/10/2025 13:18:52:	move motor	S18.axis2.phaseshifter 2 to -1.677965deg	 DONE
07/10/2025 13:18:53:	14	count	time	10.000000s/cts	O Det=1065	H Det=700	Mon Det=30544	Aux Det=1468	O+H=3233	 DONE
07/10/2025 13:19:05:	move motor	S18.axis2.phaseshifter 2 to -1.576270deg	 DONE
07/10/2025 13:19:06:	15	count	time	10.000000s/cts	O Det=880	H Det=786	Mon Det=30402	Aux Det=1477	O+H=3143	 DONE
07/10/2025 13:19:18:	move motor	S18.axis2.phaseshifter 2 to -1.474575deg	 DONE
07/10/2025 13:19:19:	16	count	time	10.000000s/cts	O Det=691	H Det=1100	Mon Det=30726	Aux Det=1351	O+H=3142	 DONE
07/10/2025 13:19:31:	move motor	S18.axis2.phaseshifter 2 to -1.372880deg	 DONE
07/10/2025 13:19:33:	17	count	time	10.000000s/cts	O Det=413	H Det=1254	Mon Det=30527	Aux Det=1455	O+H=3122	 DONE
07/10/2025 13:19:44:	move motor	S18.axis2.phaseshifter 2 to -1.271185deg	 DONE
07/10/2025 13:19:46:	18	count	time	10.000000s/cts	O Det=199	H Det=1476	Mon Det=30670	Aux Det=1445	O+H=3120	 DONE
07/10/2025 13:19:58:	move motor	S18.axis2.phaseshifter 2 to -1.169490deg	 DONE
07/10/2025 13:19:59:	19	count	time	10.000000s/cts	O Det=187	H Det=1446	Mon Det=30300	Aux Det=1502	O+H=3135	 DONE
07/10/2025 13:20:11:	move motor	S18.axis2.phaseshifter 2 to -1.067795deg	 DONE
07/10/2025 13:20:12:	20	count	time	10.000000s/cts	O Det=296	H Det=1370	Mon Det=30472	Aux Det=1546	O+H=3212	 DONE
07/10/2025 13:20:24:	move motor	S18.axis2.phaseshifter 2 to -0.966100deg	 DONE
07/10/2025 13:20:25:	21	count	time	10.000000s/cts	O Det=543	H Det=1193	Mon Det=30255	Aux Det=1455	O+H=3191	 DONE
07/10/2025 13:20:37:	move motor	S18.axis2.phaseshifter 2 to -0.864405deg	 DONE
07/10/2025 13:20:39:	22	count	time	10.000000s/cts	O Det=780	H Det=838	Mon Det=30562	Aux Det=1481	O+H=3099	 DONE
07/10/2025 13:20:50:	move motor	S18.axis2.phaseshifter 2 to -0.762710deg	 DONE
07/10/2025 13:20:52:	23	count	time	10.000000s/cts	O Det=918	H Det=750	Mon Det=30773	Aux Det=1448	O+H=3116	 DONE
07/10/2025 13:21:04:	move motor	S18.axis2.phaseshifter 2 to -0.661015deg	 DONE
07/10/2025 13:21:05:	24	count	time	10.000000s/cts	O Det=1095	H Det=726	Mon Det=30751	Aux Det=1504	O+H=3325	 DONE
07/10/2025 13:21:17:	move motor	S18.axis2.phaseshifter 2 to -0.559320deg	 DONE
07/10/2025 13:21:18:	25	count	time	10.000000s/cts	O Det=930	H Det=791	Mon Det=30692	Aux Det=1396	O+H=3117	 DONE
07/10/2025 13:21:30:	move motor	S18.axis2.phaseshifter 2 to -0.457625deg	 DONE
07/10/2025 13:21:31:	26	count	time	10.000000s/cts	O Det=669	H Det=958	Mon Det=30542	Aux Det=1362	O+H=2989	 DONE
07/10/2025 13:21:43:	move motor	S18.axis2.phaseshifter 2 to -0.355930deg	 DONE
07/10/2025 13:21:45:	27	count	time	10.000000s/cts	O Det=396	H Det=1269	Mon Det=30369	Aux Det=1369	O+H=3034	 DONE
07/10/2025 13:21:56:	move motor	S18.axis2.phaseshifter 2 to -0.254235deg	 DONE
07/10/2025 13:21:58:	28	count	time	10.000000s/cts	O Det=202	H Det=1449	Mon Det=30651	Aux Det=1479	O+H=3130	 DONE
07/10/2025 13:22:10:	move motor	S18.axis2.phaseshifter 2 to -0.152540deg	 DONE
07/10/2025 13:22:11:	29	count	time	10.000000s/cts	O Det=153	H Det=1463	Mon Det=30447	Aux Det=1458	O+H=3074	 DONE
07/10/2025 13:22:23:	move motor	S18.axis2.phaseshifter 2 to -0.050845deg	 DONE
07/10/2025 13:22:24:	30	count	time	10.000000s/cts	O Det=277	H Det=1318	Mon Det=30500	Aux Det=1496	O+H=3091	 DONE
07/10/2025 13:22:36:	move motor	S18.axis2.phaseshifter 2 to 0.050850deg	 DONE
07/10/2025 13:22:37:	31	count	time	10.000000s/cts	O Det=482	H Det=1142	Mon Det=30497	Aux Det=1412	O+H=3036	 DONE
07/10/2025 13:22:49:	move motor	S18.axis2.phaseshifter 2 to 0.152545deg	 DONE
07/10/2025 13:22:51:	32	count	time	10.000000s/cts	O Det=752	H Det=980	Mon Det=30383	Aux Det=1451	O+H=3183	 DONE
07/10/2025 13:23:02:	move motor	S18.axis2.phaseshifter 2 to 0.254240deg	 DONE
07/10/2025 13:23:04:	33	count	time	10.000000s/cts	O Det=1000	H Det=725	Mon Det=30476	Aux Det=1482	O+H=3207	 DONE
07/10/2025 13:23:16:	move motor	S18.axis2.phaseshifter 2 to 0.355935deg	 DONE
07/10/2025 13:23:17:	34	count	time	10.000000s/cts	O Det=1073	H Det=714	Mon Det=30596	Aux Det=1424	O+H=3211	 DONE
07/10/2025 13:23:29:	move motor	S18.axis2.phaseshifter 2 to 0.457630deg	 DONE
07/10/2025 13:23:30:	35	count	time	10.000000s/cts	O Det=1045	H Det=727	Mon Det=30268	Aux Det=1507	O+H=3279	 DONE
07/10/2025 13:23:42:	move motor	S18.axis2.phaseshifter 2 to 0.559325deg	 DONE
07/10/2025 13:23:43:	36	count	time	10.000000s/cts	O Det=797	H Det=939	Mon Det=30788	Aux Det=1449	O+H=3185	 DONE
07/10/2025 13:23:55:	move motor	S18.axis2.phaseshifter 2 to 0.661020deg	 DONE
07/10/2025 13:23:57:	37	count	time	10.000000s/cts	O Det=487	H Det=1186	Mon Det=30548	Aux Det=1439	O+H=3112	 DONE
07/10/2025 13:24:08:	move motor	S18.axis2.phaseshifter 2 to 0.762715deg	 DONE
07/10/2025 13:24:10:	38	count	time	10.000000s/cts	O Det=262	H Det=1398	Mon Det=30404	Aux Det=1461	O+H=3121	 DONE
07/10/2025 13:24:22:	move motor	S18.axis2.phaseshifter 2 to 0.864410deg	 DONE
07/10/2025 13:24:23:	39	count	time	10.000000s/cts	O Det=170	H Det=1459	Mon Det=30453	Aux Det=1437	O+H=3066	 DONE
07/10/2025 13:24:35:	move motor	S18.axis2.phaseshifter 2 to 0.966105deg	 DONE
07/10/2025 13:24:36:	40	count	time	10.000000s/cts	O Det=222	H Det=1541	Mon Det=30632	Aux Det=1442	O+H=3205	 DONE
07/10/2025 13:24:48:	move motor	S18.axis2.phaseshifter 2 to 1.067800deg	 DONE
07/10/2025 13:24:49:	41	count	time	10.000000s/cts	O Det=446	H Det=1249	Mon Det=30387	Aux Det=1471	O+H=3166	 DONE
07/10/2025 13:25:01:	move motor	S18.axis2.phaseshifter 2 to 1.169495deg	 DONE
07/10/2025 13:25:03:	42	count	time	10.000000s/cts	O Det=716	H Det=982	Mon Det=30614	Aux Det=1456	O+H=3154	 DONE
07/10/2025 13:25:14:	move motor	S18.axis2.phaseshifter 2 to 1.271190deg	 DONE
07/10/2025 13:25:16:	43	count	time	10.000000s/cts	O Det=916	H Det=756	Mon Det=30624	Aux Det=1512	O+H=3184	 DONE
07/10/2025 13:25:28:	move motor	S18.axis2.phaseshifter 2 to 1.372885deg	 DONE
07/10/2025 13:25:29:	44	count	time	10.000000s/cts	O Det=1057	H Det=665	Mon Det=30514	Aux Det=1504	O+H=3226	 DONE
07/10/2025 13:25:41:	move motor	S18.axis2.phaseshifter 2 to 1.474580deg	 DONE
07/10/2025 13:25:42:	45	count	time	10.000000s/cts	O Det=1019	H Det=758	Mon Det=30812	Aux Det=1424	O+H=3201	 DONE
07/10/2025 13:25:54:	move motor	S18.axis2.phaseshifter 2 to 1.576275deg	 DONE
07/10/2025 13:25:55:	46	count	time	10.000000s/cts	O Det=843	H Det=903	Mon Det=30723	Aux Det=1423	O+H=3169	 DONE
07/10/2025 13:26:07:	move motor	S18.axis2.phaseshifter 2 to 1.677970deg	 DONE
07/10/2025 13:26:09:	47	count	time	10.000000s/cts	O Det=541	H Det=1097	Mon Det=30199	Aux Det=1407	O+H=3045	 DONE
07/10/2025 13:26:20:	move motor	S18.axis2.phaseshifter 2 to 1.779665deg	 DONE
07/10/2025 13:26:22:	48	count	time	10.000000s/cts	O Det=284	H Det=1384	Mon Det=30540	Aux Det=1363	O+H=3031	 DONE
07/10/2025 13:26:34:	move motor	S18.axis2.phaseshifter 2 to 1.881360deg	 DONE
07/10/2025 13:26:35:	49	count	time	10.000000s/cts	O Det=149	H Det=1497	Mon Det=30321	Aux Det=1381	O+H=3027	 DONE
07/10/2025 13:26:47:	move motor	S18.axis2.phaseshifter 2 to 1.983055deg	 DONE
07/10/2025 13:26:48:	50	count	time	10.000000s/cts	O Det=257	H Det=1419	Mon Det=30641	Aux Det=1395	O+H=3071	 DONE
07/10/2025 13:27:00:	move motor	S18.axis2.phaseshifter 2 to 2.084750deg	 DONE
07/10/2025 13:27:01:	51	count	time	10.000000s/cts	O Det=423	H Det=1282	Mon Det=30632	Aux Det=1398	O+H=3103	 DONE
07/10/2025 13:27:13:	move motor	S18.axis2.phaseshifter 2 to 2.186445deg	 DONE
07/10/2025 13:27:15:	52	count	time	10.000000s/cts	O Det=691	H Det=968	Mon Det=30719	Aux Det=1418	O+H=3077	 DONE
07/10/2025 13:27:26:	move motor	S18.axis2.phaseshifter 2 to 2.288140deg	 DONE
07/10/2025 13:27:28:	53	count	time	10.000000s/cts	O Det=970	H Det=751	Mon Det=30503	Aux Det=1481	O+H=3202	 DONE
07/10/2025 13:27:40:	move motor	S18.axis2.phaseshifter 2 to 2.389835deg	 DONE
07/10/2025 13:27:41:	54	count	time	10.000000s/cts	O Det=1105	H Det=649	Mon Det=30362	Aux Det=1460	O+H=3214	 DONE
07/10/2025 13:27:53:	move motor	S18.axis2.phaseshifter 2 to 2.491530deg	 DONE
07/10/2025 13:27:54:	55	count	time	10.000000s/cts	O Det=994	H Det=750	Mon Det=30589	Aux Det=1482	O+H=3226	 DONE
07/10/2025 13:28:06:	move motor	S18.axis2.phaseshifter 2 to 2.593225deg	 DONE
07/10/2025 13:28:07:	56	count	time	10.000000s/cts	O Det=768	H Det=868	Mon Det=30445	Aux Det=1425	O+H=3061	 DONE
07/10/2025 13:28:19:	move motor	S18.axis2.phaseshifter 2 to 2.694920deg	 DONE
07/10/2025 13:28:21:	57	count	time	10.000000s/cts	O Det=556	H Det=1098	Mon Det=30830	Aux Det=1386	O+H=3040	 DONE
07/10/2025 13:28:32:	move motor	S18.axis2.phaseshifter 2 to 2.796615deg	 DONE
07/10/2025 13:28:34:	58	count	time	10.000000s/cts	O Det=276	H Det=1362	Mon Det=30388	Aux Det=1430	O+H=3068	 DONE
07/10/2025 13:28:46:	move motor	S18.axis2.phaseshifter 2 to 2.898310deg	 DONE
07/10/2025 13:28:47:	59	count	time	10.000000s/cts	O Det=210	H Det=1428	Mon Det=30263	Aux Det=1401	O+H=3039	 DONE
07/10/2025 13:28:59:	move motor	S18.axis2.phaseshifter 2 to 3.000005deg	 DONE
07/10/2025 13:29:00:	60	count	time	10.000000s/cts	O Det=192	H Det=1442	Mon Det=30546	Aux Det=1391	O+H=3025	 DONE
07/10/2025 13:29:12:	close file and end scan	 DONE
call of ifg2_newPS_6p10s_B2.sc DONE
07/10/2025 13:29:13:	move motor	S18.axis2.Aperture Y to 18.00000mm	reached 18.00000  DONE
07/10/2025 13:29:16:	move motor	S18.axis2.phaseshifter 2 to -3.100000deg	 DONE
07/10/2025 13:29:20:	create file	D:\data\Cycle 198\exp_3-16-19\rawdata\sc\Aperture_scan_ifg2_newPS_B2_6p10s_07Oct1329.dat	 DONE
room to enter remarks DONE
07/10/2025 13:29:21:	move motor	S18.axis2.phaseshifter 2 to -3.000000deg	 DONE
07/10/2025 13:29:23:	1	count	time	10.000000s/cts	O Det=475	H Det=1300	Mon Det=30356	Aux Det=821	O+H=2596	 DONE
07/10/2025 13:29:34:	move motor	S18.axis2.phaseshifter 2 to -2.898305deg	 DONE
07/10/2025 13:29:36:	2	count	time	10.000000s/cts	O Det=739	H Det=1082	Mon Det=30561	Aux Det=836	O+H=2657	 DONE
07/10/2025 13:29:48:	move motor	S18.axis2.phaseshifter 2 to -2.796610deg	 DONE
07/10/2025 13:29:49:	3	count	time	10.000000s/cts	O Det=893	H Det=981	Mon Det=30709	Aux Det=803	O+H=2677	 DONE
07/10/2025 13:30:01:	move motor	S18.axis2.phaseshifter 2 to -2.694915deg	 DONE
07/10/2025 13:30:02:	4	count	time	10.000000s/cts	O Det=899	H Det=914	Mon Det=30875	Aux Det=834	O+H=2647	 DONE
07/10/2025 13:30:14:	move motor	S18.axis2.phaseshifter 2 to -2.593220deg	 DONE
07/10/2025 13:30:16:	5	count	time	10.000000s/cts	O Det=844	H Det=1017	Mon Det=30504	Aux Det=791	O+H=2652	 DONE
07/10/2025 13:30:27:	move motor	S18.axis2.phaseshifter 2 to -2.491525deg	 DONE
07/10/2025 13:30:29:	6	count	time	10.000000s/cts	O Det=640	H Det=1221	Mon Det=30584	Aux Det=781	O+H=2642	 DONE
07/10/2025 13:30:41:	move motor	S18.axis2.phaseshifter 2 to -2.389830deg	 DONE
07/10/2025 13:30:42:	7	count	time	10.000000s/cts	O Det=367	H Det=1349	Mon Det=30275	Aux Det=748	O+H=2464	 DONE
07/10/2025 13:30:54:	move motor	S18.axis2.phaseshifter 2 to -2.288135deg	 DONE
07/10/2025 13:30:55:	8	count	time	10.000000s/cts	O Det=198	H Det=1555	Mon Det=30391	Aux Det=753	O+H=2506	 DONE
07/10/2025 13:31:07:	move motor	S18.axis2.phaseshifter 2 to -2.186440deg	 DONE
07/10/2025 13:31:08:	9	count	time	10.000000s/cts	O Det=186	H Det=1498	Mon Det=30460	Aux Det=825	O+H=2509	 DONE
07/10/2025 13:31:20:	move motor	S18.axis2.phaseshifter 2 to -2.084745deg	 DONE
07/10/2025 13:31:22:	10	count	time	10.000000s/cts	O Det=284	H Det=1475	Mon Det=30302	Aux Det=803	O+H=2562	 DONE
07/10/2025 13:31:33:	move motor	S18.axis2.phaseshifter 2 to -1.983050deg	 DONE
07/10/2025 13:31:35:	11	count	time	10.000000s/cts	O Det=497	H Det=1258	Mon Det=30262	Aux Det=841	O+H=2596	 DONE
07/10/2025 13:31:47:	move motor	S18.axis2.phaseshifter 2 to -1.881355deg	 DONE
07/10/2025 13:31:48:	12	count	time	10.000000s/cts	O Det=689	H Det=1058	Mon Det=30618	Aux Det=746	O+H=2493	 DONE
07/10/2025 13:32:00:	move motor	S18.axis2.phaseshifter 2 to -1.779660deg	 DONE
07/10/2025 13:32:01:	13	count	time	10.000000s/cts	O Det=822	H Det=983	Mon Det=30550	Aux Det=770	O+H=2575	 DONE
07/10/2025 13:32:13:	move motor	S18.axis2.phaseshifter 2 to -1.677965deg	 DONE
07/10/2025 13:32:14:	14	count	time	10.000000s/cts	O Det=920	H Det=871	Mon Det=30636	Aux Det=787	O+H=2578	 DONE
07/10/2025 13:32:26:	move motor	S18.axis2.phaseshifter 2 to -1.576270deg	 DONE
07/10/2025 13:32:28:	15	count	time	10.000000s/cts	O Det=782	H Det=1043	Mon Det=30459	Aux Det=766	O+H=2591	 DONE
07/10/2025 13:32:39:	move motor	S18.axis2.phaseshifter 2 to -1.474575deg	 DONE
07/10/2025 13:32:41:	16	count	time	10.000000s/cts	O Det=586	H Det=1239	Mon Det=30758	Aux Det=833	O+H=2658	 DONE
07/10/2025 13:32:53:	move motor	S18.axis2.phaseshifter 2 to -1.372880deg	 DONE
07/10/2025 13:32:54:	17	count	time	10.000000s/cts	O Det=371	H Det=1401	Mon Det=30457	Aux Det=783	O+H=2555	 DONE
07/10/2025 13:33:06:	move motor	S18.axis2.phaseshifter 2 to -1.271185deg	 DONE
07/10/2025 13:33:07:	18	count	time	10.000000s/cts	O Det=214	H Det=1512	Mon Det=30735	Aux Det=745	O+H=2471	 DONE
07/10/2025 13:33:19:	move motor	S18.axis2.phaseshifter 2 to -1.169490deg	 DONE
07/10/2025 13:33:20:	19	count	time	10.000000s/cts	O Det=192	H Det=1514	Mon Det=30507	Aux Det=737	O+H=2443	 DONE
07/10/2025 13:33:32:	move motor	S18.axis2.phaseshifter 2 to -1.067795deg	 DONE
07/10/2025 13:33:34:	20	count	time	10.000000s/cts	O Det=265	H Det=1382	Mon Det=30687	Aux Det=749	O+H=2396	 DONE
07/10/2025 13:33:45:	move motor	S18.axis2.phaseshifter 2 to -0.966100deg	 DONE
07/10/2025 13:33:47:	21	count	time	10.000000s/cts	O Det=467	H Det=1305	Mon Det=30899	Aux Det=734	O+H=2506	 DONE
07/10/2025 13:33:59:	move motor	S18.axis2.phaseshifter 2 to -0.864405deg	 DONE
07/10/2025 13:34:00:	22	count	time	10.000000s/cts	O Det=751	H Det=1058	Mon Det=30229	Aux Det=818	O+H=2627	 DONE
07/10/2025 13:34:12:	move motor	S18.axis2.phaseshifter 2 to -0.762710deg	 DONE
07/10/2025 13:34:13:	23	count	time	10.000000s/cts	O Det=863	H Det=926	Mon Det=30395	Aux Det=753	O+H=2542	 DONE
07/10/2025 13:34:25:	move motor	S18.axis2.phaseshifter 2 to -0.661015deg	 DONE
07/10/2025 13:34:26:	24	count	time	10.000000s/cts	O Det=904	H Det=883	Mon Det=30383	Aux Det=754	O+H=2541	 DONE
07/10/2025 13:34:38:	move motor	S18.axis2.phaseshifter 2 to -0.559320deg	 DONE
07/10/2025 13:34:40:	25	count	time	10.000000s/cts	O Det=816	H Det=918	Mon Det=30838	Aux Det=718	O+H=2452	 DONE
07/10/2025 13:34:51:	move motor	S18.axis2.phaseshifter 2 to -0.457625deg	 DONE
07/10/2025 13:34:53:	26	count	time	10.000000s/cts	O Det=588	H Det=1183	Mon Det=30665	Aux Det=665	O+H=2436	 DONE
07/10/2025 13:35:05:	move motor	S18.axis2.phaseshifter 2 to -0.355930deg	 DONE
07/10/2025 13:35:06:	27	count	time	10.000000s/cts	O Det=361	H Det=1347	Mon Det=30447	Aux Det=688	O+H=2396	 DONE
07/10/2025 13:35:18:	move motor	S18.axis2.phaseshifter 2 to -0.254235deg	 DONE
07/10/2025 13:35:19:	28	count	time	10.000000s/cts	O Det=205	H Det=1513	Mon Det=30736	Aux Det=770	O+H=2488	 DONE
07/10/2025 13:35:31:	move motor	S18.axis2.phaseshifter 2 to -0.152540deg	 DONE
07/10/2025 13:35:32:	29	count	time	10.000000s/cts	O Det=185	H Det=1468	Mon Det=30327	Aux Det=738	O+H=2391	 DONE
07/10/2025 13:35:44:	move motor	S18.axis2.phaseshifter 2 to -0.050845deg	 DONE
07/10/2025 13:35:46:	30	count	time	10.000000s/cts	O Det=258	H Det=1468	Mon Det=30626	Aux Det=696	O+H=2422	 DONE
07/10/2025 13:35:57:	move motor	S18.axis2.phaseshifter 2 to 0.050850deg	 DONE
07/10/2025 13:35:59:	31	count	time	10.000000s/cts	O Det=492	H Det=1305	Mon Det=30492	Aux Det=666	O+H=2463	 DONE
07/10/2025 13:36:11:	move motor	S18.axis2.phaseshifter 2 to 0.152545deg	 DONE
07/10/2025 13:36:12:	32	count	time	10.000000s/cts	O Det=653	H Det=1113	Mon Det=30679	Aux Det=724	O+H=2490	 DONE
07/10/2025 13:36:24:	move motor	S18.axis2.phaseshifter 2 to 0.254240deg	 DONE
07/10/2025 13:36:25:	33	count	time	10.000000s/cts	O Det=821	H Det=958	Mon Det=30652	Aux Det=686	O+H=2465	 DONE
07/10/2025 13:36:37:	move motor	S18.axis2.phaseshifter 2 to 0.355935deg	 DONE
07/10/2025 13:36:38:	34	count	time	10.000000s/cts	O Det=971	H Det=855	Mon Det=30487	Aux Det=712	O+H=2538	 DONE
07/10/2025 13:36:50:	move motor	S18.axis2.phaseshifter 2 to 0.457630deg	 DONE
07/10/2025 13:36:52:	35	count	time	10.000000s/cts	O Det=812	H Det=953	Mon Det=30618	Aux Det=701	O+H=2466	 DONE
07/10/2025 13:37:03:	move motor	S18.axis2.phaseshifter 2 to 0.559325deg	 DONE
07/10/2025 13:37:05:	36	count	time	10.000000s/cts	O Det=655	H Det=1064	Mon Det=30568	Aux Det=706	O+H=2425	 DONE
07/10/2025 13:37:17:	move motor	S18.axis2.phaseshifter 2 to 0.661020deg	 DONE
07/10/2025 13:37:18:	37	count	time	10.000000s/cts	O Det=410	H Det=1236	Mon Det=30817	Aux Det=772	O+H=2418	 DONE
07/10/2025 13:37:30:	move motor	S18.axis2.phaseshifter 2 to 0.762715deg	 DONE
07/10/2025 13:37:31:	38	count	time	10.000000s/cts	O Det=238	H Det=1450	Mon Det=30457	Aux Det=707	O+H=2395	 DONE
07/10/2025 13:37:43:	move motor	S18.axis2.phaseshifter 2 to 0.864410deg	 DONE
07/10/2025 13:37:44:	39	count	time	10.000000s/cts	O Det=144	H Det=1497	Mon Det=30495	Aux Det=706	O+H=2347	 DONE
07/10/2025 13:37:56:	move motor	S18.axis2.phaseshifter 2 to 0.966105deg	 DONE
07/10/2025 13:37:58:	40	count	time	10.000000s/cts	O Det=243	H Det=1496	Mon Det=30603	Aux Det=739	O+H=2478	 DONE
07/10/2025 13:38:09:	move motor	S18.axis2.phaseshifter 2 to 1.067800deg	 DONE
07/10/2025 13:38:11:	41	count	time	10.000000s/cts	O Det=423	H Det=1349	Mon Det=30518	Aux Det=680	O+H=2452	 DONE
07/10/2025 13:38:23:	move motor	S18.axis2.phaseshifter 2 to 1.169495deg	 DONE
07/10/2025 13:38:24:	42	count	time	10.000000s/cts	O Det=636	H Det=1107	Mon Det=30584	Aux Det=726	O+H=2469	 DONE
07/10/2025 13:38:36:	move motor	S18.axis2.phaseshifter 2 to 1.271190deg	 DONE
07/10/2025 13:38:37:	43	count	time	10.000000s/cts	O Det=811	H Det=935	Mon Det=30702	Aux Det=718	O+H=2464	 DONE
07/10/2025 13:38:49:	move motor	S18.axis2.phaseshifter 2 to 1.372885deg	 DONE
07/10/2025 13:38:50:	44	count	time	10.000000s/cts	O Det=902	H Det=904	Mon Det=30235	Aux Det=741	O+H=2547	 DONE
07/10/2025 13:39:02:	move motor	S18.axis2.phaseshifter 2 to 1.474580deg	 DONE
07/10/2025 13:39:04:	45	count	time	10.000000s/cts	O Det=874	H Det=923	Mon Det=30545	Aux Det=735	O+H=2532	 DONE
07/10/2025 13:39:15:	move motor	S18.axis2.phaseshifter 2 to 1.576275deg	 DONE
07/10/2025 13:39:17:	46	count	time	10.000000s/cts	O Det=648	H Det=1093	Mon Det=31056	Aux Det=716	O+H=2457	 DONE
07/10/2025 13:39:29:	move motor	S18.axis2.phaseshifter 2 to 1.677970deg	 DONE
07/10/2025 13:39:30:	47	count	time	10.000000s/cts	O Det=430	H Det=1323	Mon Det=30550	Aux Det=778	O+H=2531	 DONE
07/10/2025 13:39:42:	move motor	S18.axis2.phaseshifter 2 to 1.779665deg	 DONE
07/10/2025 13:39:43:	48	count	time	10.000000s/cts	O Det=240	H Det=1537	Mon Det=30613	Aux Det=697	O+H=2474	 DONE
07/10/2025 13:39:55:	move motor	S18.axis2.phaseshifter 2 to 1.881360deg	 DONE
07/10/2025 13:39:56:	49	count	time	10.000000s/cts	O Det=185	H Det=1492	Mon Det=30612	Aux Det=746	O+H=2423	 DONE
07/10/2025 13:40:08:	move motor	S18.axis2.phaseshifter 2 to 1.983055deg	 DONE
07/10/2025 13:40:10:	50	count	time	10.000000s/cts	O Det=202	H Det=1509	Mon Det=30618	Aux Det=718	O+H=2429	 DONE
07/10/2025 13:40:21:	move motor	S18.axis2.phaseshifter 2 to 2.084750deg	 DONE
07/10/2025 13:40:23:	51	count	time	10.000000s/cts	O Det=365	H Det=1332	Mon Det=30855	Aux Det=709	O+H=2406	 DONE
07/10/2025 13:40:35:	move motor	S18.axis2.phaseshifter 2 to 2.186445deg	 DONE
07/10/2025 13:40:36:	52	count	time	10.000000s/cts	O Det=642	H Det=1100	Mon Det=30451	Aux Det=735	O+H=2477	 DONE
07/10/2025 13:40:48:	move motor	S18.axis2.phaseshifter 2 to 2.288140deg	 DONE
07/10/2025 13:40:49:	53	count	time	10.000000s/cts	O Det=790	H Det=970	Mon Det=30480	Aux Det=719	O+H=2479	 DONE
07/10/2025 13:41:01:	move motor	S18.axis2.phaseshifter 2 to 2.389835deg	 DONE
07/10/2025 13:41:02:	54	count	time	10.000000s/cts	O Det=905	H Det=927	Mon Det=30385	Aux Det=717	O+H=2549	 DONE
07/10/2025 13:41:14:	move motor	S18.axis2.phaseshifter 2 to 2.491530deg	 DONE
07/10/2025 13:41:16:	55	count	time	10.000000s/cts	O Det=850	H Det=944	Mon Det=30519	Aux Det=666	O+H=2460	 DONE
07/10/2025 13:41:27:	move motor	S18.axis2.phaseshifter 2 to 2.593225deg	 DONE
07/10/2025 13:41:29:	56	count	time	10.000000s/cts	O Det=651	H Det=1070	Mon Det=30497	Aux Det=671	O+H=2392	 DONE
07/10/2025 13:41:41:	move motor	S18.axis2.phaseshifter 2 to 2.694920deg	 DONE
07/10/2025 13:41:42:	57	count	time	10.000000s/cts	O Det=468	H Det=1261	Mon Det=30535	Aux Det=656	O+H=2385	 DONE
07/10/2025 13:41:54:	move motor	S18.axis2.phaseshifter 2 to 2.796615deg	 DONE
07/10/2025 13:41:55:	58	count	time	10.000000s/cts	O Det=257	H Det=1476	Mon Det=30567	Aux Det=695	O+H=2428	 DONE
07/10/2025 13:42:07:	move motor	S18.axis2.phaseshifter 2 to 2.898310deg	 DONE
07/10/2025 13:42:08:	59	count	time	10.000000s/cts	O Det=195	H Det=1525	Mon Det=30414	Aux Det=726	O+H=2446	 DONE
07/10/2025 13:42:20:	move motor	S18.axis2.phaseshifter 2 to 3.000005deg	 DONE
07/10/2025 13:42:22:	60	count	time	10.000000s/cts	O Det=197	H Det=1558	Mon Det=30677	Aux Det=659	O+H=2414	 DONE
07/10/2025 13:42:33:	close file and end scan	 DONE
call of ifg2_newPS_6p10s_B2.sc DONE
07/10/2025 13:42:34:	move motor	S18.axis2.Aperture Z to 12.50000mm	reached 12.50000  DONE
07/10/2025 13:42:38:	move motor	S18.axis2.Aperture Y to 15.00000mm	reached 15.00000  DONE
07/10/2025 13:42:42:	move motor	S18.axis2.phaseshifter 2 to -3.100000deg	 DONE
07/10/2025 13:42:45:	create file	D:\data\Cycle 198\exp_3-16-19\rawdata\sc\Aperture_scan_ifg2_newPS_B2_6p10s_07Oct1342.dat	 DONE
room to enter remarks DONE
07/10/2025 13:42:46:	move motor	S18.axis2.phaseshifter 2 to -3.000000deg	 DONE
07/10/2025 13:42:48:	1	count	time	10.000000s/cts	O Det=509	H Det=864	Mon Det=30720	Aux Det=745	O+H=2118	 DONE
07/10/2025 13:43:00:	move motor	S18.axis2.phaseshifter 2 to -2.898305deg	 DONE
07/10/2025 13:43:01:	2	count	time	10.000000s/cts	O Det=708	H Det=665	Mon Det=30605	Aux Det=676	O+H=2049	 DONE
07/10/2025 13:43:13:	move motor	S18.axis2.phaseshifter 2 to -2.796610deg	 DONE
07/10/2025 13:43:14:	3	count	time	10.000000s/cts	O Det=803	H Det=598	Mon Det=30607	Aux Det=724	O+H=2125	 DONE
07/10/2025 13:43:26:	move motor	S18.axis2.phaseshifter 2 to -2.694915deg	 DONE
07/10/2025 13:43:28:	4	count	time	10.000000s/cts	O Det=807	H Det=633	Mon Det=30401	Aux Det=755	O+H=2195	 DONE
07/10/2025 13:43:39:	move motor	S18.axis2.phaseshifter 2 to -2.593220deg	 DONE
07/10/2025 13:43:41:	5	count	time	10.000000s/cts	O Det=724	H Det=670	Mon Det=30602	Aux Det=749	O+H=2143	 DONE
07/10/2025 13:43:53:	move motor	S18.axis2.phaseshifter 2 to -2.491525deg	 DONE
07/10/2025 13:43:54:	6	count	time	10.000000s/cts	O Det=554	H Det=847	Mon Det=30458	Aux Det=701	O+H=2102	 DONE
07/10/2025 13:44:06:	move motor	S18.axis2.phaseshifter 2 to -2.389830deg	 DONE
07/10/2025 13:44:07:	7	count	time	10.000000s/cts	O Det=365	H Det=1051	Mon Det=30274	Aux Det=727	O+H=2143	 DONE
07/10/2025 13:44:19:	move motor	S18.axis2.phaseshifter 2 to -2.288135deg	 DONE
07/10/2025 13:44:20:	8	count	time	10.000000s/cts	O Det=211	H Det=1156	Mon Det=30817	Aux Det=700	O+H=2067	 DONE
07/10/2025 13:44:32:	move motor	S18.axis2.phaseshifter 2 to -2.186440deg	 DONE
07/10/2025 13:44:34:	9	count	time	10.000000s/cts	O Det=223	H Det=1139	Mon Det=30811	Aux Det=685	O+H=2047	 DONE
07/10/2025 13:44:45:	move motor	S18.axis2.phaseshifter 2 to -2.084745deg	 DONE
07/10/2025 13:44:47:	10	count	time	10.000000s/cts	O Det=332	H Det=1068	Mon Det=30612	Aux Det=710	O+H=2110	 DONE
07/10/2025 13:44:59:	move motor	S18.axis2.phaseshifter 2 to -1.983050deg	 DONE
07/10/2025 13:45:00:	11	count	time	10.000000s/cts	O Det=496	H Det=870	Mon Det=30556	Aux Det=709	O+H=2075	 DONE
07/10/2025 13:45:12:	move motor	S18.axis2.phaseshifter 2 to -1.881355deg	 DONE
07/10/2025 13:45:13:	12	count	time	10.000000s/cts	O Det=737	H Det=665	Mon Det=30534	Aux Det=715	O+H=2117	 DONE
07/10/2025 13:45:25:	move motor	S18.axis2.phaseshifter 2 to -1.779660deg	 DONE
07/10/2025 13:45:26:	13	count	time	10.000000s/cts	O Det=837	H Det=614	Mon Det=30707	Aux Det=653	O+H=2104	 DONE
07/10/2025 13:45:38:	move motor	S18.axis2.phaseshifter 2 to -1.677965deg	 DONE
07/10/2025 13:45:40:	14	count	time	10.000000s/cts	O Det=883	H Det=633	Mon Det=30244	Aux Det=728	O+H=2244	 DONE
07/10/2025 13:45:51:	move motor	S18.axis2.phaseshifter 2 to -1.576270deg	 DONE
07/10/2025 13:45:53:	15	count	time	10.000000s/cts	O Det=767	H Det=706	Mon Det=30432	Aux Det=785	O+H=2258	 DONE
07/10/2025 13:46:05:	move motor	S18.axis2.phaseshifter 2 to -1.474575deg	 DONE
07/10/2025 13:46:06:	16	count	time	10.000000s/cts	O Det=577	H Det=853	Mon Det=30845	Aux Det=728	O+H=2158	 DONE
07/10/2025 13:46:18:	move motor	S18.axis2.phaseshifter 2 to -1.372880deg	 DONE
07/10/2025 13:46:19:	17	count	time	10.000000s/cts	O Det=324	H Det=1041	Mon Det=30440	Aux Det=736	O+H=2101	 DONE
07/10/2025 13:46:31:	move motor	S18.axis2.phaseshifter 2 to -1.271185deg	 DONE
07/10/2025 13:46:32:	18	count	time	10.000000s/cts	O Det=216	H Det=1203	Mon Det=30611	Aux Det=732	O+H=2151	 DONE
07/10/2025 13:46:44:	move motor	S18.axis2.phaseshifter 2 to -1.169490deg	 DONE
07/10/2025 13:46:46:	19	count	time	10.000000s/cts	O Det=200	H Det=1102	Mon Det=30523	Aux Det=683	O+H=1985	 DONE
07/10/2025 13:46:57:	move motor	S18.axis2.phaseshifter 2 to -1.067795deg	 DONE
07/10/2025 13:46:59:	20	count	time	10.000000s/cts	O Det=318	H Det=1081	Mon Det=30544	Aux Det=679	O+H=2078	 DONE
07/10/2025 13:47:11:	move motor	S18.axis2.phaseshifter 2 to -0.966100deg	 DONE
07/10/2025 13:47:12:	21	count	time	10.000000s/cts	O Det=532	H Det=876	Mon Det=30445	Aux Det=669	O+H=2077	 DONE
07/10/2025 13:47:24:	move motor	S18.axis2.phaseshifter 2 to -0.864405deg	 DONE
07/10/2025 13:47:25:	22	count	time	10.000000s/cts	O Det=728	H Det=735	Mon Det=30702	Aux Det=699	O+H=2162	 DONE
07/10/2025 13:47:37:	move motor	S18.axis2.phaseshifter 2 to -0.762710deg	 DONE
07/10/2025 13:47:38:	23	count	time	10.000000s/cts	O Det=844	H Det=573	Mon Det=30359	Aux Det=673	O+H=2090	 DONE
07/10/2025 13:47:50:	move motor	S18.axis2.phaseshifter 2 to -0.661015deg	 DONE
07/10/2025 13:47:52:	24	count	time	10.000000s/cts	O Det=837	H Det=694	Mon Det=30610	Aux Det=702	O+H=2233	 DONE
07/10/2025 13:48:03:	move motor	S18.axis2.phaseshifter 2 to -0.559320deg	 DONE
07/10/2025 13:48:05:	25	count	time	10.000000s/cts	O Det=676	H Det=704	Mon Det=30839	Aux Det=692	O+H=2072	 DONE
07/10/2025 13:48:16:	move motor	S18.axis2.phaseshifter 2 to -0.457625deg	 DONE
07/10/2025 13:48:18:	26	count	time	10.000000s/cts	O Det=551	H Det=867	Mon Det=30637	Aux Det=716	O+H=2134	 DONE
07/10/2025 13:48:30:	move motor	S18.axis2.phaseshifter 2 to -0.355930deg	 DONE
07/10/2025 13:48:31:	27	count	time	10.000000s/cts	O Det=351	H Det=1086	Mon Det=30213	Aux Det=710	O+H=2147	 DONE
07/10/2025 13:48:43:	move motor	S18.axis2.phaseshifter 2 to -0.254235deg	 DONE
07/10/2025 13:48:44:	28	count	time	10.000000s/cts	O Det=224	H Det=1175	Mon Det=30540	Aux Det=687	O+H=2086	 DONE
07/10/2025 13:48:56:	move motor	S18.axis2.phaseshifter 2 to -0.152540deg	 DONE
07/10/2025 13:48:58:	29	count	time	10.000000s/cts	O Det=163	H Det=1185	Mon Det=30467	Aux Det=686	O+H=2034	 DONE
07/10/2025 13:49:09:	move motor	S18.axis2.phaseshifter 2 to -0.050845deg	 DONE
07/10/2025 13:49:11:	30	count	time	10.000000s/cts	O Det=302	H Det=1066	Mon Det=30280	Aux Det=698	O+H=2066	 DONE
07/10/2025 13:49:23:	move motor	S18.axis2.phaseshifter 2 to 0.050850deg	 DONE
07/10/2025 13:49:24:	31	count	time	10.000000s/cts	O Det=461	H Det=1009	Mon Det=30571	Aux Det=681	O+H=2151	 DONE
07/10/2025 13:49:36:	move motor	S18.axis2.phaseshifter 2 to 0.152545deg	 DONE
07/10/2025 13:49:37:	32	count	time	10.000000s/cts	O Det=666	H Det=812	Mon Det=30541	Aux Det=775	O+H=2253	 DONE
07/10/2025 13:49:49:	move motor	S18.axis2.phaseshifter 2 to 0.254240deg	 DONE
07/10/2025 13:49:50:	33	count	time	10.000000s/cts	O Det=782	H Det=680	Mon Det=30540	Aux Det=716	O+H=2178	 DONE
07/10/2025 13:50:02:	move motor	S18.axis2.phaseshifter 2 to 0.355935deg	 DONE
07/10/2025 13:50:04:	34	count	time	10.000000s/cts	O Det=877	H Det=636	Mon Det=30546	Aux Det=700	O+H=2213	 DONE
07/10/2025 13:50:15:	move motor	S18.axis2.phaseshifter 2 to 0.457630deg	 DONE
07/10/2025 13:50:17:	35	count	time	10.000000s/cts	O Det=731	H Det=638	Mon Det=30509	Aux Det=685	O+H=2054	 DONE
07/10/2025 13:50:29:	move motor	S18.axis2.phaseshifter 2 to 0.559325deg	 DONE
07/10/2025 13:50:30:	36	count	time	10.000000s/cts	O Det=647	H Det=827	Mon Det=30624	Aux Det=716	O+H=2190	 DONE
07/10/2025 13:50:42:	move motor	S18.axis2.phaseshifter 2 to 0.661020deg	 DONE
07/10/2025 13:50:43:	37	count	time	10.000000s/cts	O Det=389	H Det=1012	Mon Det=30558	Aux Det=717	O+H=2118	 DONE
07/10/2025 13:50:55:	move motor	S18.axis2.phaseshifter 2 to 0.762715deg	 DONE
07/10/2025 13:50:56:	38	count	time	10.000000s/cts	O Det=244	H Det=1206	Mon Det=30398	Aux Det=686	O+H=2136	 DONE
07/10/2025 13:51:08:	move motor	S18.axis2.phaseshifter 2 to 0.864410deg	 DONE
07/10/2025 13:51:10:	39	count	time	10.000000s/cts	O Det=188	H Det=1163	Mon Det=30573	Aux Det=698	O+H=2049	 DONE
07/10/2025 13:51:21:	move motor	S18.axis2.phaseshifter 2 to 0.966105deg	 DONE
07/10/2025 13:51:23:	40	count	time	10.000000s/cts	O Det=262	H Det=1169	Mon Det=30370	Aux Det=688	O+H=2119	 DONE
07/10/2025 13:51:35:	move motor	S18.axis2.phaseshifter 2 to 1.067800deg	 DONE
07/10/2025 13:51:36:	41	count	time	10.000000s/cts	O Det=442	H Det=910	Mon Det=30541	Aux Det=682	O+H=2034	 DONE
07/10/2025 13:51:48:	move motor	S18.axis2.phaseshifter 2 to 1.169495deg	 DONE
07/10/2025 13:51:49:	42	count	time	10.000000s/cts	O Det=625	H Det=772	Mon Det=30284	Aux Det=706	O+H=2103	 DONE
07/10/2025 13:52:01:	move motor	S18.axis2.phaseshifter 2 to 1.271190deg	 DONE
07/10/2025 13:52:03:	43	count	time	10.000000s/cts	O Det=848	H Det=658	Mon Det=30570	Aux Det=670	O+H=2176	 DONE
07/10/2025 13:52:14:	move motor	S18.axis2.phaseshifter 2 to 1.372885deg	 DONE
07/10/2025 13:52:16:	44	count	time	10.000000s/cts	O Det=850	H Det=606	Mon Det=30449	Aux Det=686	O+H=2142	 DONE
07/10/2025 13:52:28:	move motor	S18.axis2.phaseshifter 2 to 1.474580deg	 DONE
07/10/2025 13:52:29:	45	count	time	10.000000s/cts	O Det=794	H Det=638	Mon Det=30882	Aux Det=620	O+H=2052	 DONE
07/10/2025 13:52:41:	move motor	S18.axis2.phaseshifter 2 to 1.576275deg	 DONE
07/10/2025 13:52:42:	46	count	time	10.000000s/cts	O Det=621	H Det=773	Mon Det=30543	Aux Det=640	O+H=2034	 DONE
07/10/2025 13:52:54:	move motor	S18.axis2.phaseshifter 2 to 1.677970deg	 DONE
07/10/2025 13:52:55:	47	count	time	10.000000s/cts	O Det=401	H Det=970	Mon Det=30726	Aux Det=697	O+H=2068	 DONE
07/10/2025 13:53:07:	move motor	S18.axis2.phaseshifter 2 to 1.779665deg	 DONE
07/10/2025 13:53:09:	48	count	time	10.000000s/cts	O Det=246	H Det=1060	Mon Det=30590	Aux Det=648	O+H=1954	 DONE
07/10/2025 13:53:20:	move motor	S18.axis2.phaseshifter 2 to 1.881360deg	 DONE
07/10/2025 13:53:22:	49	count	time	10.000000s/cts	O Det=173	H Det=1219	Mon Det=30782	Aux Det=607	O+H=1999	 DONE
07/10/2025 13:53:34:	move motor	S18.axis2.phaseshifter 2 to 1.983055deg	 DONE
07/10/2025 13:53:35:	50	count	time	10.000000s/cts	O Det=225	H Det=1150	Mon Det=30788	Aux Det=611	O+H=1986	 DONE
07/10/2025 13:53:47:	move motor	S18.axis2.phaseshifter 2 to 2.084750deg	 DONE
07/10/2025 13:53:48:	51	count	time	10.000000s/cts	O Det=394	H Det=1025	Mon Det=30333	Aux Det=620	O+H=2039	 DONE
07/10/2025 13:54:00:	move motor	S18.axis2.phaseshifter 2 to 2.186445deg	 DONE
07/10/2025 13:54:01:	52	count	time	10.000000s/cts	O Det=607	H Det=840	Mon Det=30615	Aux Det=659	O+H=2106	 DONE
07/10/2025 13:54:13:	move motor	S18.axis2.phaseshifter 2 to 2.288140deg	 DONE
07/10/2025 13:54:15:	53	count	time	10.000000s/cts	O Det=736	H Det=643	Mon Det=30469	Aux Det=673	O+H=2052	 DONE
07/10/2025 13:54:26:	move motor	S18.axis2.phaseshifter 2 to 2.389835deg	 DONE
07/10/2025 13:54:28:	54	count	time	10.000000s/cts	O Det=853	H Det=523	Mon Det=30758	Aux Det=658	O+H=2034	 DONE
07/10/2025 13:54:40:	move motor	S18.axis2.phaseshifter 2 to 2.491530deg	 DONE
07/10/2025 13:54:41:	55	count	time	10.000000s/cts	O Det=804	H Det=659	Mon Det=30683	Aux Det=611	O+H=2074	 DONE
07/10/2025 13:54:53:	move motor	S18.axis2.phaseshifter 2 to 2.593225deg	 DONE
07/10/2025 13:54:54:	56	count	time	10.000000s/cts	O Det=635	H Det=794	Mon Det=30588	Aux Det=674	O+H=2103	 DONE
07/10/2025 13:55:06:	move motor	S18.axis2.phaseshifter 2 to 2.694920deg	 DONE
07/10/2025 13:55:07:	57	count	time	10.000000s/cts	O Det=449	H Det=981	Mon Det=30865	Aux Det=660	O+H=2090	 DONE
07/10/2025 13:55:19:	move motor	S18.axis2.phaseshifter 2 to 2.796615deg	 DONE
07/10/2025 13:55:21:	58	count	time	10.000000s/cts	O Det=234	H Det=1174	Mon Det=30491	Aux Det=664	O+H=2072	 DONE
07/10/2025 13:55:32:	move motor	S18.axis2.phaseshifter 2 to 2.898310deg	 DONE
07/10/2025 13:55:34:	59	count	time	10.000000s/cts	O Det=191	H Det=1219	Mon Det=30681	Aux Det=640	O+H=2050	 DONE
07/10/2025 13:55:46:	move motor	S18.axis2.phaseshifter 2 to 3.000005deg	 DONE
07/10/2025 13:55:47:	60	count	time	10.000000s/cts	O Det=196	H Det=1217	Mon Det=30324	Aux Det=655	O+H=2068	 DONE
07/10/2025 13:55:59:	close file and end scan	 DONE
call of ifg2_newPS_6p10s_B2.sc DONE
07/10/2025 13:56:00:	move motor	S18.axis2.Aperture Y to 16.50000mm	reached 16.50000  DONE
07/10/2025 13:56:03:	move motor	S18.axis2.phaseshifter 2 to -3.100000deg	 DONE
07/10/2025 13:56:07:	create file	D:\data\Cycle 198\exp_3-16-19\rawdata\sc\Aperture_scan_ifg2_newPS_B2_6p10s_07Oct1356.dat	 DONE
room to enter remarks DONE
07/10/2025 13:56:08:	move motor	S18.axis2.phaseshifter 2 to -3.000000deg	 DONE
07/10/2025 13:56:09:	1	count	time	10.000000s/cts	O Det=611	H Det=1091	Mon Det=30657	Aux Det=1168	O+H=2870	 DONE
07/10/2025 13:56:21:	move motor	S18.axis2.phaseshifter 2 to -2.898305deg	 DONE
07/10/2025 13:56:23:	2	count	time	10.000000s/cts	O Det=877	H Det=932	Mon Det=30412	Aux Det=1246	O+H=3055	 DONE
07/10/2025 13:56:34:	move motor	S18.axis2.phaseshifter 2 to -2.796610deg	 DONE
07/10/2025 13:56:36:	3	count	time	10.000000s/cts	O Det=1047	H Det=754	Mon Det=30323	Aux Det=1275	O+H=3076	 DONE
07/10/2025 13:56:48:	move motor	S18.axis2.phaseshifter 2 to -2.694915deg	 DONE
07/10/2025 13:56:49:	4	count	time	10.000000s/cts	O Det=974	H Det=718	Mon Det=30736	Aux Det=1060	O+H=2752	 DONE
07/10/2025 13:57:01:	move motor	S18.axis2.phaseshifter 2 to -2.593220deg	 DONE
07/10/2025 13:57:02:	5	count	time	10.000000s/cts	O Det=913	H Det=881	Mon Det=30364	Aux Det=1186	O+H=2980	 DONE
07/10/2025 13:57:14:	move motor	S18.axis2.phaseshifter 2 to -2.491525deg	 DONE
07/10/2025 13:57:15:	6	count	time	10.000000s/cts	O Det=667	H Det=1025	Mon Det=30707	Aux Det=1113	O+H=2805	 DONE
07/10/2025 13:57:27:	move motor	S18.axis2.phaseshifter 2 to -2.389830deg	 DONE
07/10/2025 13:57:29:	7	count	time	10.000000s/cts	O Det=467	H Det=1261	Mon Det=30876	Aux Det=1042	O+H=2770	 DONE
07/10/2025 13:57:40:	move motor	S18.axis2.phaseshifter 2 to -2.288135deg	 DONE
07/10/2025 13:57:42:	8	count	time	10.000000s/cts	O Det=252	H Det=1428	Mon Det=30492	Aux Det=1108	O+H=2788	 DONE
07/10/2025 13:57:54:	move motor	S18.axis2.phaseshifter 2 to -2.186440deg	 DONE
07/10/2025 13:57:55:	9	count	time	10.000000s/cts	O Det=251	H Det=1441	Mon Det=30497	Aux Det=1167	O+H=2859	 DONE
07/10/2025 13:58:07:	move motor	S18.axis2.phaseshifter 2 to -2.084745deg	 DONE
07/10/2025 13:58:08:	10	count	time	10.000000s/cts	O Det=384	H Det=1314	Mon Det=30469	Aux Det=1145	O+H=2843	 DONE
07/10/2025 13:58:20:	move motor	S18.axis2.phaseshifter 2 to -1.983050deg	 DONE
07/10/2025 13:58:21:	11	count	time	10.000000s/cts	O Det=596	H Det=1143	Mon Det=30356	Aux Det=1091	O+H=2830	 DONE
07/10/2025 13:58:33:	move motor	S18.axis2.phaseshifter 2 to -1.881355deg	 DONE
07/10/2025 13:58:35:	12	count	time	10.000000s/cts	O Det=914	H Det=850	Mon Det=30764	Aux Det=1162	O+H=2926	 DONE
07/10/2025 13:58:46:	move motor	S18.axis2.phaseshifter 2 to -1.779660deg	 DONE
07/10/2025 13:58:48:	13	count	time	10.000000s/cts	O Det=1055	H Det=722	Mon Det=30921	Aux Det=1140	O+H=2917	 DONE
07/10/2025 13:59:00:	move motor	S18.axis2.phaseshifter 2 to -1.677965deg	 DONE
07/10/2025 13:59:01:	14	count	time	10.000000s/cts	O Det=999	H Det=740	Mon Det=30698	Aux Det=1199	O+H=2938	 DONE
07/10/2025 13:59:13:	move motor	S18.axis2.phaseshifter 2 to -1.576270deg	 DONE
07/10/2025 13:59:14:	15	count	time	10.000000s/cts	O Det=865	H Det=864	Mon Det=30383	Aux Det=1238	O+H=2967	 DONE
07/10/2025 13:59:26:	move motor	S18.axis2.phaseshifter 2 to -1.474575deg	 DONE
07/10/2025 13:59:27:	16	count	time	10.000000s/cts	O Det=665	H Det=1054	Mon Det=30654	Aux Det=1215	O+H=2934	 DONE
07/10/2025 13:59:39:	move motor	S18.axis2.phaseshifter 2 to -1.372880deg	 DONE
07/10/2025 13:59:41:	17	count	time	10.000000s/cts	O Det=396	H Det=1303	Mon Det=30459	Aux Det=1173	O+H=2872	 DONE
07/10/2025 13:59:52:	move motor	S18.axis2.phaseshifter 2 to -1.271185deg	 DONE
07/10/2025 13:59:54:	18	count	time	10.000000s/cts	O Det=219	H Det=1471	Mon Det=30653	Aux Det=1135	O+H=2825	 DONE
07/10/2025 14:00:06:	move motor	S18.axis2.phaseshifter 2 to -1.169490deg	 DONE
07/10/2025 14:00:07:	19	count	time	10.000000s/cts	O Det=203	H Det=1480	Mon Det=30551	Aux Det=1171	O+H=2854	 DONE
07/10/2025 14:00:19:	move motor	S18.axis2.phaseshifter 2 to -1.067795deg	 DONE
07/10/2025 14:00:20:	20	count	time	10.000000s/cts	O Det=389	H Det=1370	Mon Det=30627	Aux Det=1187	O+H=2946	 DONE
07/10/2025 14:00:32:	move motor	S18.axis2.phaseshifter 2 to -0.966100deg	 DONE
07/10/2025 14:00:33:	21	count	time	10.000000s/cts	O Det=577	H Det=1187	Mon Det=30587	Aux Det=1154	O+H=2918	 DONE
07/10/2025 14:00:45:	move motor	S18.axis2.phaseshifter 2 to -0.864405deg	 DONE
07/10/2025 14:00:47:	22	count	time	10.000000s/cts	O Det=792	H Det=973	Mon Det=30647	Aux Det=1229	O+H=2994	 DONE
07/10/2025 14:00:58:	move motor	S18.axis2.phaseshifter 2 to -0.762710deg	 DONE
07/10/2025 14:01:00:	23	count	time	10.000000s/cts	O Det=962	H Det=769	Mon Det=30832	Aux Det=1141	O+H=2872	 DONE
07/10/2025 14:01:12:	move motor	S18.axis2.phaseshifter 2 to -0.661015deg	 DONE
07/10/2025 14:01:13:	24	count	time	10.000000s/cts	O Det=964	H Det=742	Mon Det=30432	Aux Det=1194	O+H=2900	 DONE
07/10/2025 14:01:25:	move motor	S18.axis2.phaseshifter 2 to -0.559320deg	 DONE
07/10/2025 14:01:26:	25	count	time	10.000000s/cts	O Det=895	H Det=836	Mon Det=30698	Aux Det=1111	O+H=2842	 DONE
07/10/2025 14:01:38:	move motor	S18.axis2.phaseshifter 2 to -0.457625deg	 DONE
07/10/2025 14:01:39:	26	count	time	10.000000s/cts	O Det=604	H Det=1116	Mon Det=30654	Aux Det=1160	O+H=2880	 DONE
07/10/2025 14:01:51:	move motor	S18.axis2.phaseshifter 2 to -0.355930deg	 DONE
07/10/2025 14:01:53:	27	count	time	10.000000s/cts	O Det=365	H Det=1273	Mon Det=30856	Aux Det=1135	O+H=2773	 DONE
07/10/2025 14:02:04:	move motor	S18.axis2.phaseshifter 2 to -0.254235deg	 DONE
07/10/2025 14:02:06:	28	count	time	10.000000s/cts	O Det=224	H Det=1482	Mon Det=30538	Aux Det=1176	O+H=2882	 DONE
07/10/2025 14:02:18:	move motor	S18.axis2.phaseshifter 2 to -0.152540deg	 DONE
07/10/2025 14:02:19:	29	count	time	10.000000s/cts	O Det=162	H Det=1531	Mon Det=30529	Aux Det=1122	O+H=2815	 DONE
07/10/2025 14:02:31:	move motor	S18.axis2.phaseshifter 2 to -0.050845deg	 DONE
07/10/2025 14:02:32:	30	count	time	10.000000s/cts	O Det=294	H Det=1365	Mon Det=30571	Aux Det=1196	O+H=2855	 DONE
07/10/2025 14:02:44:	move motor	S18.axis2.phaseshifter 2 to 0.050850deg	 DONE
07/10/2025 14:02:45:	31	count	time	10.000000s/cts	O Det=522	H Det=1168	Mon Det=30240	Aux Det=1136	O+H=2826	 DONE
07/10/2025 14:02:57:	move motor	S18.axis2.phaseshifter 2 to 0.152545deg	 DONE
07/10/2025 14:02:59:	32	count	time	10.000000s/cts	O Det=715	H Det=903	Mon Det=30612	Aux Det=1167	O+H=2785	 DONE
07/10/2025 14:03:10:	move motor	S18.axis2.phaseshifter 2 to 0.254240deg	 DONE
07/10/2025 14:03:12:	33	count	time	10.000000s/cts	O Det=998	H Det=847	Mon Det=30673	Aux Det=1146	O+H=2991	 DONE
07/10/2025 14:03:24:	move motor	S18.axis2.phaseshifter 2 to 0.355935deg	 DONE
07/10/2025 14:03:25:	34	count	time	10.000000s/cts	O Det=1001	H Det=750	Mon Det=30351	Aux Det=1168	O+H=2919	 DONE
07/10/2025 14:03:37:	move motor	S18.axis2.phaseshifter 2 to 0.457630deg	 DONE
07/10/2025 14:03:38:	35	count	time	10.000000s/cts	O Det=954	H Det=869	Mon Det=30394	Aux Det=1143	O+H=2966	 DONE
07/10/2025 14:03:50:	move motor	S18.axis2.phaseshifter 2 to 0.559325deg	 DONE
07/10/2025 14:03:51:	36	count	time	10.000000s/cts	O Det=711	H Det=967	Mon Det=30807	Aux Det=1092	O+H=2770	 DONE
07/10/2025 14:04:03:	move motor	S18.axis2.phaseshifter 2 to 0.661020deg	 DONE
07/10/2025 14:04:05:	37	count	time	10.000000s/cts	O Det=488	H Det=1151	Mon Det=30454	Aux Det=1168	O+H=2807	 DONE
07/10/2025 14:04:16:	move motor	S18.axis2.phaseshifter 2 to 0.762715deg	 DONE
07/10/2025 14:04:18:	38	count	time	10.000000s/cts	O Det=293	H Det=1455	Mon Det=30627	Aux Det=1242	O+H=2990	 DONE
07/10/2025 14:04:30:	move motor	S18.axis2.phaseshifter 2 to 0.864410deg	 DONE
07/10/2025 14:04:31:	39	count	time	10.000000s/cts	O Det=209	H Det=1459	Mon Det=30611	Aux Det=1106	O+H=2774	 DONE
07/10/2025 14:04:43:	move motor	S18.axis2.phaseshifter 2 to 0.966105deg	 DONE
07/10/2025 14:04:44:	40	count	time	10.000000s/cts	O Det=232	H Det=1334	Mon Det=30525	Aux Det=1116	O+H=2682	 DONE
07/10/2025 14:04:56:	move motor	S18.axis2.phaseshifter 2 to 1.067800deg	 DONE
07/10/2025 14:04:57:	41	count	time	10.000000s/cts	O Det=464	H Det=1289	Mon Det=30616	Aux Det=1120	O+H=2873	 DONE
07/10/2025 14:05:09:	move motor	S18.axis2.phaseshifter 2 to 1.169495deg	 DONE
07/10/2025 14:05:11:	42	count	time	10.000000s/cts	O Det=743	H Det=965	Mon Det=30723	Aux Det=1043	O+H=2751	 DONE
07/10/2025 14:05:22:	move motor	S18.axis2.phaseshifter 2 to 1.271190deg	 DONE
07/10/2025 14:05:24:	43	count	time	10.000000s/cts	O Det=922	H Det=786	Mon Det=30705	Aux Det=1123	O+H=2831	 DONE
07/10/2025 14:05:36:	move motor	S18.axis2.phaseshifter 2 to 1.372885deg	 DONE
07/10/2025 14:05:37:	44	count	time	10.000000s/cts	O Det=1022	H Det=728	Mon Det=30701	Aux Det=1137	O+H=2887	 DONE
07/10/2025 14:05:49:	move motor	S18.axis2.phaseshifter 2 to 1.474580deg	 DONE
07/10/2025 14:05:50:	45	count	time	10.000000s/cts	O Det=932	H Det=804	Mon Det=30965	Aux Det=1159	O+H=2895	 DONE
07/10/2025 14:06:02:	move motor	S18.axis2.phaseshifter 2 to 1.576275deg	 DONE
07/10/2025 14:06:03:	46	count	time	10.000000s/cts	O Det=767	H Det=972	Mon Det=30639	Aux Det=1099	O+H=2838	 DONE
07/10/2025 14:06:15:	move motor	S18.axis2.phaseshifter 2 to 1.677970deg	 DONE
07/10/2025 14:06:17:	47	count	time	10.000000s/cts	O Det=485	H Det=1235	Mon Det=30552	Aux Det=1152	O+H=2872	 DONE
07/10/2025 14:06:29:	move motor	S18.axis2.phaseshifter 2 to 1.779665deg	 DONE
07/10/2025 14:06:30:	48	count	time	10.000000s/cts	O Det=300	H Det=1366	Mon Det=30773	Aux Det=1171	O+H=2837	 DONE
07/10/2025 14:06:42:	move motor	S18.axis2.phaseshifter 2 to 1.881360deg	 DONE
07/10/2025 14:06:43:	49	count	time	10.000000s/cts	O Det=179	H Det=1492	Mon Det=30727	Aux Det=1213	O+H=2884	 DONE
07/10/2025 14:06:55:	move motor	S18.axis2.phaseshifter 2 to 1.983055deg	 DONE
07/10/2025 14:06:56:	50	count	time	10.000000s/cts	O Det=259	H Det=1386	Mon Det=30506	Aux Det=1151	O+H=2796	 DONE
07/10/2025 14:07:08:	move motor	S18.axis2.phaseshifter 2 to 2.084750deg	 DONE
07/10/2025 14:07:10:	51	count	time	10.000000s/cts	O Det=451	H Det=1238	Mon Det=30765	Aux Det=1115	O+H=2804	 DONE
07/10/2025 14:07:21:	move motor	S18.axis2.phaseshifter 2 to 2.186445deg	 DONE
07/10/2025 14:07:23:	52	count	time	10.000000s/cts	O Det=795	H Det=1017	Mon Det=30675	Aux Det=1124	O+H=2936	 DONE
07/10/2025 14:07:35:	move motor	S18.axis2.phaseshifter 2 to 2.288140deg	 DONE
07/10/2025 14:07:36:	53	count	time	10.000000s/cts	O Det=936	H Det=826	Mon Det=30592	Aux Det=1091	O+H=2853	 DONE
07/10/2025 14:07:48:	move motor	S18.axis2.phaseshifter 2 to 2.389835deg	 DONE
07/10/2025 14:07:49:	54	count	time	10.000000s/cts	O Det=1004	H Det=794	Mon Det=30515	Aux Det=1123	O+H=2921	 DONE
07/10/2025 14:08:01:	move motor	S18.axis2.phaseshifter 2 to 2.491530deg	 DONE
07/10/2025 14:08:02:	55	count	time	10.000000s/cts	O Det=954	H Det=770	Mon Det=30574	Aux Det=1049	O+H=2773	 DONE
07/10/2025 14:08:14:	move motor	S18.axis2.phaseshifter 2 to 2.593225deg	 DONE
07/10/2025 14:08:16:	56	count	time	10.000000s/cts	O Det=778	H Det=960	Mon Det=30397	Aux Det=1177	O+H=2915	 DONE
07/10/2025 14:08:27:	move motor	S18.axis2.phaseshifter 2 to 2.694920deg	 DONE
07/10/2025 14:08:29:	57	count	time	10.000000s/cts	O Det=472	H Det=1108	Mon Det=30823	Aux Det=1065	O+H=2645	 DONE
07/10/2025 14:08:41:	move motor	S18.axis2.phaseshifter 2 to 2.796615deg	 DONE
07/10/2025 14:08:42:	58	count	time	10.000000s/cts	O Det=279	H Det=1391	Mon Det=30482	Aux Det=1092	O+H=2762	 DONE
07/10/2025 14:08:54:	move motor	S18.axis2.phaseshifter 2 to 2.898310deg	 DONE
07/10/2025 14:08:55:	59	count	time	10.000000s/cts	O Det=182	H Det=1449	Mon Det=30706	Aux Det=1127	O+H=2758	 DONE
07/10/2025 14:09:07:	move motor	S18.axis2.phaseshifter 2 to 3.000005deg	 DONE
07/10/2025 14:09:08:	60	count	time	10.000000s/cts	O Det=243	H Det=1412	Mon Det=30500	Aux Det=1095	O+H=2750	 DONE
07/10/2025 14:09:20:	close file and end scan	 DONE
call of ifg2_newPS_6p10s_B2.sc DONE
07/10/2025 14:09:21:	move motor	S18.axis2.Aperture Y to 18.00000mm	reached 18.00000  DONE
07/10/2025 14:09:25:	move motor	S18.axis2.phaseshifter 2 to -3.100000deg	 DONE
07/10/2025 14:09:28:	create file	D:\data\Cycle 198\exp_3-16-19\rawdata\sc\Aperture_scan_ifg2_newPS_B2_6p10s_07Oct1409.dat	 DONE
room to enter remarks DONE
07/10/2025 14:09:29:	move motor	S18.axis2.phaseshifter 2 to -3.000000deg	 DONE
07/10/2025 14:09:31:	1	count	time	10.000000s/cts	O Det=538	H Det=1284	Mon Det=30608	Aux Det=819	O+H=2641	 DONE
07/10/2025 14:09:43:	move motor	S18.axis2.phaseshifter 2 to -2.898305deg	 DONE
07/10/2025 14:09:44:	2	count	time	10.000000s/cts	O Det=783	H Det=1048	Mon Det=30395	Aux Det=892	O+H=2723	 DONE
07/10/2025 14:09:56:	move motor	S18.axis2.phaseshifter 2 to -2.796610deg	 DONE
07/10/2025 14:09:57:	3	count	time	10.000000s/cts	O Det=902	H Det=947	Mon Det=30805	Aux Det=848	O+H=2697	 DONE
07/10/2025 14:10:09:	move motor	S18.axis2.phaseshifter 2 to -2.694915deg	 DONE
07/10/2025 14:10:11:	4	count	time	10.000000s/cts	O Det=929	H Det=955	Mon Det=30949	Aux Det=874	O+H=2758	 DONE
07/10/2025 14:10:22:	move motor	S18.axis2.phaseshifter 2 to -2.593220deg	 DONE
07/10/2025 14:10:24:	5	count	time	10.000000s/cts	O Det=824	H Det=1060	Mon Det=30610	Aux Det=853	O+H=2737	 DONE
07/10/2025 14:10:36:	move motor	S18.axis2.phaseshifter 2 to -2.491525deg	 DONE
07/10/2025 14:10:37:	6	count	time	10.000000s/cts	O Det=634	H Det=1258	Mon Det=30480	Aux Det=889	O+H=2781	 DONE
07/10/2025 14:10:49:	move motor	S18.axis2.phaseshifter 2 to -2.389830deg	 DONE
07/10/2025 14:10:50:	7	count	time	10.000000s/cts	O Det=479	H Det=1410	Mon Det=30555	Aux Det=845	O+H=2734	 DONE
07/10/2025 14:11:02:	move motor	S18.axis2.phaseshifter 2 to -2.288135deg	 DONE
07/10/2025 14:11:03:	8	count	time	10.000000s/cts	O Det=206	H Det=1532	Mon Det=30501	Aux Det=845	O+H=2583	 DONE
07/10/2025 14:11:15:	move motor	S18.axis2.phaseshifter 2 to -2.186440deg	 DONE
07/10/2025 14:11:17:	9	count	time	10.000000s/cts	O Det=208	H Det=1584	Mon Det=30558	Aux Det=900	O+H=2692	 DONE
07/10/2025 14:11:28:	move motor	S18.axis2.phaseshifter 2 to -2.084745deg	 DONE
07/10/2025 14:11:30:	10	count	time	10.000000s/cts	O Det=338	H Det=1465	Mon Det=30887	Aux Det=845	O+H=2648	 DONE
07/10/2025 14:11:42:	move motor	S18.axis2.phaseshifter 2 to -1.983050deg	 DONE
07/10/2025 14:11:43:	11	count	time	10.000000s/cts	O Det=556	H Det=1237	Mon Det=30395	Aux Det=928	O+H=2721	 DONE
07/10/2025 14:11:55:	move motor	S18.axis2.phaseshifter 2 to -1.881355deg	 DONE
07/10/2025 14:11:56:	12	count	time	10.000000s/cts	O Det=840	H Det=1083	Mon Det=30690	Aux Det=859	O+H=2782	 DONE
07/10/2025 14:12:08:	move motor	S18.axis2.phaseshifter 2 to -1.779660deg	 DONE
07/10/2025 14:12:09:	13	count	time	10.000000s/cts	O Det=918	H Det=995	Mon Det=30489	Aux Det=863	O+H=2776	 DONE
07/10/2025 14:12:21:	move motor	S18.axis2.phaseshifter 2 to -1.677965deg	 DONE
07/10/2025 14:12:23:	14	count	time	10.000000s/cts	O Det=926	H Det=963	Mon Det=30630	Aux Det=904	O+H=2793	 DONE
07/10/2025 14:12:34:	move motor	S18.axis2.phaseshifter 2 to -1.576270deg	 DONE
07/10/2025 14:12:36:	15	count	time	10.000000s/cts	O Det=817	H Det=1066	Mon Det=30536	Aux Det=909	O+H=2792	 DONE
07/10/2025 14:12:48:	move motor	S18.axis2.phaseshifter 2 to -1.474575deg	 DONE
07/10/2025 14:12:49:	16	count	time	10.000000s/cts	O Det=619	H Det=1231	Mon Det=30647	Aux Det=880	O+H=2730	 DONE
07/10/2025 14:13:01:	move motor	S18.axis2.phaseshifter 2 to -1.372880deg	 DONE
07/10/2025 14:13:02:	17	count	time	10.000000s/cts	O Det=372	H Det=1457	Mon Det=30640	Aux Det=918	O+H=2747	 DONE
07/10/2025 14:13:14:	move motor	S18.axis2.phaseshifter 2 to -1.271185deg	 DONE
07/10/2025 14:13:15:	18	count	time	10.000000s/cts	O Det=441	H Det=1391	Mon Det=30623	Aux Det=852	O+H=2684	 DONE
07/10/2025 14:13:27:	move motor	S18.axis2.phaseshifter 2 to -1.169490deg	 DONE
07/10/2025 14:13:29:	19	count	time	10.000000s/cts	O Det=283	H Det=1525	Mon Det=30657	Aux Det=865	O+H=2673	 DONE
07/10/2025 14:13:40:	move motor	S18.axis2.phaseshifter 2 to -1.067795deg	 DONE
07/10/2025 14:13:42:	20	count	time	10.000000s/cts	O Det=326	H Det=1504	Mon Det=30765	Aux Det=912	O+H=2742	 DONE
07/10/2025 14:13:53:	move motor	S18.axis2.phaseshifter 2 to -0.966100deg	 DONE
07/10/2025 14:13:55:	21	count	time	10.000000s/cts	O Det=532	H Det=1299	Mon Det=30811	Aux Det=832	O+H=2663	 DONE
07/10/2025 14:14:07:	move motor	S18.axis2.phaseshifter 2 to -0.864405deg	 DONE
07/10/2025 14:14:08:	22	count	time	10.000000s/cts	O Det=759	H Det=1132	Mon Det=30858	Aux Det=881	O+H=2772	 DONE
07/10/2025 14:14:20:	move motor	S18.axis2.phaseshifter 2 to -0.762710deg	 DONE
07/10/2025 14:14:21:	23	count	time	10.000000s/cts	O Det=917	H Det=1050	Mon Det=30786	Aux Det=881	O+H=2848	 DONE
07/10/2025 14:14:33:	move motor	S18.axis2.phaseshifter 2 to -0.661015deg	 DONE
07/10/2025 14:14:35:	24	count	time	10.000000s/cts	O Det=780	H Det=1087	Mon Det=30615	Aux Det=907	O+H=2774	 DONE
07/10/2025 14:14:46:	move motor	S18.axis2.phaseshifter 2 to -0.559320deg	 DONE
07/10/2025 14:14:48:	25	count	time	10.000000s/cts	O Det=835	H Det=1085	Mon Det=30683	Aux Det=964	O+H=2884	 DONE
07/10/2025 14:15:00:	move motor	S18.axis2.phaseshifter 2 to -0.457625deg	 DONE
07/10/2025 14:15:01:	26	count	time	10.000000s/cts	O Det=608	H Det=1236	Mon Det=30638	Aux Det=839	O+H=2683	 DONE
07/10/2025 14:15:13:	move motor	S18.axis2.phaseshifter 2 to -0.355930deg	 DONE
07/10/2025 14:15:14:	27	count	time	10.000000s/cts	O Det=351	H Det=1472	Mon Det=31108	Aux Det=865	O+H=2688	 DONE
07/10/2025 14:15:26:	move motor	S18.axis2.phaseshifter 2 to -0.254235deg	 DONE
07/10/2025 14:15:27:	28	count	time	10.000000s/cts	O Det=372	H Det=1437	Mon Det=30814	Aux Det=809	O+H=2618	 DONE
07/10/2025 14:15:39:	move motor	S18.axis2.phaseshifter 2 to -0.152540deg	 DONE
07/10/2025 14:15:41:	29	count	time	10.000000s/cts	O Det=185	H Det=1638	Mon Det=30652	Aux Det=949	O+H=2772	 DONE
07/10/2025 14:15:52:	move motor	S18.axis2.phaseshifter 2 to -0.050845deg	 DONE
07/10/2025 14:15:54:	30	count	time	10.000000s/cts	O Det=336	H Det=1474	Mon Det=30682	Aux Det=797	O+H=2607	 DONE
07/10/2025 14:16:06:	move motor	S18.axis2.phaseshifter 2 to 0.050850deg	 DONE
07/10/2025 14:16:07:	31	count	time	10.000000s/cts	O Det=489	H Det=1331	Mon Det=30732	Aux Det=855	O+H=2675	 DONE
07/10/2025 14:16:19:	move motor	S18.axis2.phaseshifter 2 to 0.152545deg	 DONE
07/10/2025 14:16:20:	32	count	time	10.000000s/cts	O Det=763	H Det=1125	Mon Det=30668	Aux Det=842	O+H=2730	 DONE
07/10/2025 14:16:32:	move motor	S18.axis2.phaseshifter 2 to 0.254240deg	 DONE
07/10/2025 14:16:33:	33	count	time	10.000000s/cts	O Det=907	H Det=988	Mon Det=30718	Aux Det=853	O+H=2748	 DONE
07/10/2025 14:16:45:	move motor	S18.axis2.phaseshifter 2 to 0.355935deg	 DONE
07/10/2025 14:16:47:	34	count	time	10.000000s/cts	O Det=801	H Det=1048	Mon Det=30503	Aux Det=852	O+H=2701	 DONE
07/10/2025 14:16:58:	move motor	S18.axis2.phaseshifter 2 to 0.457630deg	 DONE
07/10/2025 14:17:00:	35	count	time	10.000000s/cts	O Det=715	H Det=1104	Mon Det=30256	Aux Det=793	O+H=2612	 DONE
07/10/2025 14:17:12:	move motor	S18.axis2.phaseshifter 2 to 0.559325deg	 DONE
07/10/2025 14:17:13:	36	count	time	10.000000s/cts	O Det=624	H Det=1219	Mon Det=30605	Aux Det=855	O+H=2698	 DONE
07/10/2025 14:17:25:	move motor	S18.axis2.phaseshifter 2 to 0.661020deg	 DONE
07/10/2025 14:17:26:	37	count	time	10.000000s/cts	O Det=485	H Det=1380	Mon Det=30658	Aux Det=891	O+H=2756	 DONE
07/10/2025 14:17:38:	move motor	S18.axis2.phaseshifter 2 to 0.762715deg	 DONE
07/10/2025 14:17:39:	38	count	time	10.000000s/cts	O Det=298	H Det=1537	Mon Det=30675	Aux Det=844	O+H=2679	 DONE
07/10/2025 14:17:51:	move motor	S18.axis2.phaseshifter 2 to 0.864410deg	 DONE
07/10/2025 14:17:53:	39	count	time	10.000000s/cts	O Det=240	H Det=1600	Mon Det=30938	Aux Det=879	O+H=2719	 DONE
07/10/2025 14:18:04:	move motor	S18.axis2.phaseshifter 2 to 0.966105deg	 DONE
07/10/2025 14:18:06:	40	count	time	10.000000s/cts	O Det=347	H Det=1477	Mon Det=30354	Aux Det=940	O+H=2764	 DONE
07/10/2025 14:18:18:	move motor	S18.axis2.phaseshifter 2 to 1.067800deg	 DONE
07/10/2025 14:18:19:	41	count	time	10.000000s/cts	O Det=550	H Det=1290	Mon Det=30670	Aux Det=818	O+H=2658	 DONE
07/10/2025 14:18:31:	move motor	S18.axis2.phaseshifter 2 to 1.169495deg	 DONE
07/10/2025 14:18:32:	42	count	time	10.000000s/cts	O Det=698	H Det=1154	Mon Det=30573	Aux Det=881	O+H=2733	 DONE
07/10/2025 14:18:44:	move motor	S18.axis2.phaseshifter 2 to 1.271190deg	 DONE
07/10/2025 14:18:45:	43	count	time	10.000000s/cts	O Det=939	H Det=998	Mon Det=30836	Aux Det=869	O+H=2806	 DONE
07/10/2025 14:18:57:	move motor	S18.axis2.phaseshifter 2 to 1.372885deg	 DONE
07/10/2025 14:18:59:	44	count	time	10.000000s/cts	O Det=848	H Det=960	Mon Det=30638	Aux Det=839	O+H=2647	 DONE
07/10/2025 14:19:10:	move motor	S18.axis2.phaseshifter 2 to 1.474580deg	 DONE
07/10/2025 14:19:12:	45	count	time	10.000000s/cts	O Det=703	H Det=1174	Mon Det=30448	Aux Det=856	O+H=2733	 DONE
07/10/2025 14:19:24:	move motor	S18.axis2.phaseshifter 2 to 1.576275deg	 DONE
07/10/2025 14:19:25:	46	count	time	10.000000s/cts	O Det=600	H Det=1283	Mon Det=30528	Aux Det=873	O+H=2756	 DONE
07/10/2025 14:19:37:	move motor	S18.axis2.phaseshifter 2 to 1.677970deg	 DONE
07/10/2025 14:19:38:	47	count	time	10.000000s/cts	O Det=471	H Det=1369	Mon Det=30450	Aux Det=854	O+H=2694	 DONE
07/10/2025 14:19:50:	move motor	S18.axis2.phaseshifter 2 to 1.779665deg	 DONE
07/10/2025 14:19:51:	48	count	time	10.000000s/cts	O Det=262	H Det=1605	Mon Det=30665	Aux Det=883	O+H=2750	 DONE
07/10/2025 14:20:03:	move motor	S18.axis2.phaseshifter 2 to 1.881360deg	 DONE
07/10/2025 14:20:05:	49	count	time	10.000000s/cts	O Det=187	H Det=1589	Mon Det=30605	Aux Det=837	O+H=2613	 DONE
07/10/2025 14:20:16:	move motor	S18.axis2.phaseshifter 2 to 1.983055deg	 DONE
07/10/2025 14:20:18:	50	count	time	10.000000s/cts	O Det=294	H Det=1478	Mon Det=30497	Aux Det=841	O+H=2613	 DONE
07/10/2025 14:20:29:	move motor	S18.axis2.phaseshifter 2 to 2.084750deg	 DONE
07/10/2025 14:20:31:	51	count	time	10.000000s/cts	O Det=493	H Det=1324	Mon Det=30556	Aux Det=808	O+H=2625	 DONE
07/10/2025 14:20:43:	move motor	S18.axis2.phaseshifter 2 to 2.186445deg	 DONE
07/10/2025 14:20:44:	52	count	time	10.000000s/cts	O Det=741	H Det=1143	Mon Det=30355	Aux Det=847	O+H=2731	 DONE
07/10/2025 14:20:56:	move motor	S18.axis2.phaseshifter 2 to 2.288140deg	 DONE
07/10/2025 14:20:57:	53	count	time	10.000000s/cts	O Det=899	H Det=964	Mon Det=30601	Aux Det=917	O+H=2780	 DONE
07/10/2025 14:21:09:	move motor	S18.axis2.phaseshifter 2 to 2.389835deg	 DONE
07/10/2025 14:21:11:	54	count	time	10.000000s/cts	O Det=1045	H Det=865	Mon Det=30779	Aux Det=778	O+H=2688	 DONE
07/10/2025 14:21:22:	move motor	S18.axis2.phaseshifter 2 to 2.491530deg	 DONE
07/10/2025 14:21:24:	55	count	time	10.000000s/cts	O Det=830	H Det=1006	Mon Det=30435	Aux Det=858	O+H=2694	 DONE
07/10/2025 14:21:35:	move motor	S18.axis2.phaseshifter 2 to 2.593225deg	 DONE
07/10/2025 14:21:37:	56	count	time	10.000000s/cts	O Det=728	H Det=1143	Mon Det=30845	Aux Det=872	O+H=2743	 DONE
07/10/2025 14:21:49:	move motor	S18.axis2.phaseshifter 2 to 2.694920deg	 DONE
07/10/2025 14:21:50:	57	count	time	10.000000s/cts	O Det=493	H Det=1279	Mon Det=30436	Aux Det=892	O+H=2664	 DONE
07/10/2025 14:22:02:	move motor	S18.axis2.phaseshifter 2 to 2.796615deg	 DONE
07/10/2025 14:22:03:	58	count	time	10.000000s/cts	O Det=272	H Det=1458	Mon Det=30145	Aux Det=878	O+H=2608	 DONE
07/10/2025 14:22:15:	move motor	S18.axis2.phaseshifter 2 to 2.898310deg	 DONE
07/10/2025 14:22:17:	59	count	time	10.000000s/cts	O Det=218	H Det=1586	Mon Det=30561	Aux Det=786	O+H=2590	 DONE
07/10/2025 14:22:28:	paused
07/10/2025 14:22:30:	move motor	S18.axis2.phaseshifter 2 to 3.000005deg	 DONE
07/10/2025 14:22:32:	60	count	time	10.000000s/cts	O Det=265	H Det=1541	Mon Det=30545	Aux Det=804	O+H=2610	 DONE
07/10/2025 14:22:43:	close file and end scan	 DONE
call of ifg2_newPS_6p10s_B2.sc DONE
07/10/2025 14:22:44:	END OF SCRIPT	 DONE
