07/10/2025 15:31:55:	start execution of script D:\data\Cycle 198\exp_3-16-19\rawdata\sc\Aperture_scan_ifg1_newPS_B3_6p10s.sc	 DONE
07/10/2025 15:31:56:	move motor	S18.axis2.Aperture Z to 9.50000mm	reached 9.50000  DONE
07/10/2025 15:31:58:	move motor	S18.axis2.Aperture Y to 15.00000mm	reached 15.00000  DONE
07/10/2025 15:32:02:	move motor	S18.axis2.phaseshifter 1 to -3.100000deg	 DONE
07/10/2025 15:32:04:	create file	D:\data\Cycle 198\exp_3-16-19\rawdata\sc\Aperture_scan_ifg1_newPS_B3_6p10s_07Oct1532.dat	 DONE
room to enter remarks DONE
07/10/2025 15:32:05:	move motor	S18.axis2.phaseshifter 1 to -3.000000deg	 DONE
07/10/2025 15:32:07:	1	count	time	10.000000s/cts	O Det=865	H Det=958	Mon Det=30693	Aux Det=2104	O+H=3927	 DONE
07/10/2025 15:32:18:	move motor	S18.axis2.phaseshifter 1 to -2.898305deg	 DONE
07/10/2025 15:32:20:	2	count	time	10.000000s/cts	O Det=632	H Det=671	Mon Det=30500	Aux Det=2893	O+H=4196	 DONE
07/10/2025 15:32:32:	move motor	S18.axis2.phaseshifter 1 to -2.796610deg	 DONE
07/10/2025 15:32:33:	3	count	time	10.000000s/cts	O Det=358	H Det=436	Mon Det=30475	Aux Det=3811	O+H=4605	 DONE
07/10/2025 15:32:45:	move motor	S18.axis2.phaseshifter 1 to -2.694915deg	 DONE
07/10/2025 15:32:46:	4	count	time	10.000000s/cts	O Det=232	H Det=282	Mon Det=30525	Aux Det=4241	O+H=4755	 DONE
07/10/2025 15:32:58:	move motor	S18.axis2.phaseshifter 1 to -2.593220deg	 DONE
07/10/2025 15:33:00:	5	count	time	10.000000s/cts	O Det=218	H Det=241	Mon Det=30485	Aux Det=4232	O+H=4691	 DONE
07/10/2025 15:33:11:	move motor	S18.axis2.phaseshifter 1 to -2.491525deg	 DONE
07/10/2025 15:33:13:	6	count	time	10.000000s/cts	O Det=322	H Det=391	Mon Det=30483	Aux Det=3955	O+H=4668	 DONE
07/10/2025 15:33:24:	move motor	S18.axis2.phaseshifter 1 to -2.389830deg	 DONE
07/10/2025 15:33:26:	7	count	time	10.000000s/cts	O Det=564	H Det=567	Mon Det=30560	Aux Det=3254	O+H=4385	 DONE
07/10/2025 15:33:38:	move motor	S18.axis2.phaseshifter 1 to -2.288135deg	 DONE
07/10/2025 15:33:39:	8	count	time	10.000000s/cts	O Det=906	H Det=833	Mon Det=30742	Aux Det=2219	O+H=3958	 DONE
07/10/2025 15:33:51:	move motor	S18.axis2.phaseshifter 1 to -2.186440deg	 DONE
07/10/2025 15:33:52:	9	count	time	10.000000s/cts	O Det=1047	H Det=1029	Mon Det=30657	Aux Det=1691	O+H=3767	 DONE
07/10/2025 15:34:04:	move motor	S18.axis2.phaseshifter 1 to -2.084745deg	 DONE
07/10/2025 15:34:06:	10	count	time	10.000000s/cts	O Det=1088	H Det=1053	Mon Det=30710	Aux Det=1647	O+H=3788	 DONE
07/10/2025 15:34:17:	move motor	S18.axis2.phaseshifter 1 to -1.983050deg	 DONE
07/10/2025 15:34:19:	11	count	time	10.000000s/cts	O Det=873	H Det=980	Mon Det=30842	Aux Det=2096	O+H=3949	 DONE
07/10/2025 15:34:30:	move motor	S18.axis2.phaseshifter 1 to -1.881355deg	 DONE
07/10/2025 15:34:32:	12	count	time	10.000000s/cts	O Det=612	H Det=747	Mon Det=30758	Aux Det=2841	O+H=4200	 DONE
07/10/2025 15:34:44:	move motor	S18.axis2.phaseshifter 1 to -1.779660deg	 DONE
07/10/2025 15:34:45:	13	count	time	10.000000s/cts	O Det=437	H Det=458	Mon Det=30463	Aux Det=3645	O+H=4540	 DONE
07/10/2025 15:34:57:	move motor	S18.axis2.phaseshifter 1 to -1.677965deg	 DONE
07/10/2025 15:34:58:	14	count	time	10.000000s/cts	O Det=234	H Det=300	Mon Det=30705	Aux Det=4177	O+H=4711	 DONE
07/10/2025 15:35:10:	move motor	S18.axis2.phaseshifter 1 to -1.576270deg	 DONE
07/10/2025 15:35:11:	15	count	time	10.000000s/cts	O Det=186	H Det=234	Mon Det=30674	Aux Det=4420	O+H=4840	 DONE
07/10/2025 15:35:23:	move motor	S18.axis2.phaseshifter 1 to -1.474575deg	 DONE
07/10/2025 15:35:25:	16	count	time	10.000000s/cts	O Det=324	H Det=347	Mon Det=30583	Aux Det=4110	O+H=4781	 DONE
07/10/2025 15:35:36:	move motor	S18.axis2.phaseshifter 1 to -1.372880deg	 DONE
07/10/2025 15:35:38:	17	count	time	10.000000s/cts	O Det=550	H Det=524	Mon Det=30754	Aux Det=3247	O+H=4321	 DONE
07/10/2025 15:35:49:	move motor	S18.axis2.phaseshifter 1 to -1.271185deg	 DONE
07/10/2025 15:35:51:	18	count	time	10.000000s/cts	O Det=889	H Det=832	Mon Det=30522	Aux Det=2395	O+H=4116	 DONE
07/10/2025 15:36:03:	move motor	S18.axis2.phaseshifter 1 to -1.169490deg	 DONE
07/10/2025 15:36:04:	19	count	time	10.000000s/cts	O Det=1077	H Det=1023	Mon Det=30514	Aux Det=1862	O+H=3962	 DONE
07/10/2025 15:36:16:	move motor	S18.axis2.phaseshifter 1 to -1.067795deg	 DONE
07/10/2025 15:36:17:	20	count	time	10.000000s/cts	O Det=1097	H Det=1091	Mon Det=30734	Aux Det=1606	O+H=3794	 DONE
07/10/2025 15:36:29:	move motor	S18.axis2.phaseshifter 1 to -0.966100deg	 DONE
07/10/2025 15:36:31:	21	count	time	10.000000s/cts	O Det=926	H Det=957	Mon Det=30511	Aux Det=1865	O+H=3748	 DONE
07/10/2025 15:36:42:	move motor	S18.axis2.phaseshifter 1 to -0.864405deg	 DONE
07/10/2025 15:36:44:	22	count	time	10.000000s/cts	O Det=769	H Det=792	Mon Det=30300	Aux Det=2612	O+H=4173	 DONE
07/10/2025 15:36:55:	move motor	S18.axis2.phaseshifter 1 to -0.762710deg	 DONE
07/10/2025 15:36:57:	23	count	time	10.000000s/cts	O Det=499	H Det=493	Mon Det=30375	Aux Det=3457	O+H=4449	 DONE
07/10/2025 15:37:09:	move motor	S18.axis2.phaseshifter 1 to -0.661015deg	 DONE
07/10/2025 15:37:10:	24	count	time	10.000000s/cts	O Det=270	H Det=317	Mon Det=30711	Aux Det=4102	O+H=4689	 DONE
07/10/2025 15:37:22:	move motor	S18.axis2.phaseshifter 1 to -0.559320deg	 DONE
07/10/2025 15:37:24:	25	count	time	10.000000s/cts	O Det=197	H Det=222	Mon Det=30540	Aux Det=4291	O+H=4710	 DONE
07/10/2025 15:37:35:	move motor	S18.axis2.phaseshifter 1 to -0.457625deg	 DONE
07/10/2025 15:37:37:	26	count	time	10.000000s/cts	O Det=303	H Det=349	Mon Det=30797	Aux Det=3986	O+H=4638	 DONE
07/10/2025 15:37:48:	move motor	S18.axis2.phaseshifter 1 to -0.355930deg	 DONE
07/10/2025 15:37:50:	27	count	time	10.000000s/cts	O Det=585	H Det=553	Mon Det=30700	Aux Det=3350	O+H=4488	 DONE
07/10/2025 15:38:02:	move motor	S18.axis2.phaseshifter 1 to -0.254235deg	 DONE
07/10/2025 15:38:03:	28	count	time	10.000000s/cts	O Det=790	H Det=783	Mon Det=30423	Aux Det=2581	O+H=4154	 DONE
07/10/2025 15:38:15:	move motor	S18.axis2.phaseshifter 1 to -0.152540deg	 DONE
07/10/2025 15:38:16:	29	count	time	10.000000s/cts	O Det=963	H Det=902	Mon Det=30951	Aux Det=1978	O+H=3843	 DONE
07/10/2025 15:38:28:	move motor	S18.axis2.phaseshifter 1 to -0.050845deg	 DONE
07/10/2025 15:38:30:	30	count	time	10.000000s/cts	O Det=1108	H Det=1071	Mon Det=30371	Aux Det=1521	O+H=3700	 DONE
07/10/2025 15:38:41:	move motor	S18.axis2.phaseshifter 1 to 0.050850deg	 DONE
07/10/2025 15:38:43:	31	count	time	10.000000s/cts	O Det=962	H Det=999	Mon Det=30741	Aux Det=1835	O+H=3796	 DONE
07/10/2025 15:38:54:	move motor	S18.axis2.phaseshifter 1 to 0.152545deg	 DONE
07/10/2025 15:38:56:	32	count	time	10.000000s/cts	O Det=796	H Det=803	Mon Det=30722	Aux Det=2502	O+H=4101	 DONE
07/10/2025 15:39:08:	move motor	S18.axis2.phaseshifter 1 to 0.254240deg	 DONE
07/10/2025 15:39:09:	33	count	time	10.000000s/cts	O Det=466	H Det=526	Mon Det=30611	Aux Det=3383	O+H=4375	 DONE
07/10/2025 15:39:21:	move motor	S18.axis2.phaseshifter 1 to 0.355935deg	 DONE
07/10/2025 15:39:22:	34	count	time	10.000000s/cts	O Det=310	H Det=351	Mon Det=30400	Aux Det=3959	O+H=4620	 DONE
07/10/2025 15:39:34:	move motor	S18.axis2.phaseshifter 1 to 0.457630deg	 DONE
07/10/2025 15:39:36:	35	count	time	10.000000s/cts	O Det=214	H Det=239	Mon Det=30631	Aux Det=4328	O+H=4781	 DONE
07/10/2025 15:39:47:	move motor	S18.axis2.phaseshifter 1 to 0.559325deg	 DONE
07/10/2025 15:39:49:	36	count	time	10.000000s/cts	O Det=239	H Det=260	Mon Det=30489	Aux Det=4164	O+H=4663	 DONE
07/10/2025 15:40:00:	move motor	S18.axis2.phaseshifter 1 to 0.661020deg	 DONE
07/10/2025 15:40:02:	37	count	time	10.000000s/cts	O Det=458	H Det=437	Mon Det=30488	Aux Det=3685	O+H=4580	 DONE
07/10/2025 15:40:14:	move motor	S18.axis2.phaseshifter 1 to 0.762715deg	 DONE
07/10/2025 15:40:15:	38	count	time	10.000000s/cts	O Det=712	H Det=634	Mon Det=30773	Aux Det=2775	O+H=4121	 DONE
07/10/2025 15:40:27:	move motor	S18.axis2.phaseshifter 1 to 0.864410deg	 DONE
07/10/2025 15:40:28:	39	count	time	10.000000s/cts	O Det=1017	H Det=932	Mon Det=30369	Aux Det=2092	O+H=4041	 DONE
07/10/2025 15:40:40:	move motor	S18.axis2.phaseshifter 1 to 0.966105deg	 DONE
07/10/2025 15:40:42:	40	count	time	10.000000s/cts	O Det=1097	H Det=1121	Mon Det=30470	Aux Det=1637	O+H=3855	 DONE
07/10/2025 15:40:53:	move motor	S18.axis2.phaseshifter 1 to 1.067800deg	 DONE
07/10/2025 15:40:55:	41	count	time	10.000000s/cts	O Det=1042	H Det=1040	Mon Det=30465	Aux Det=1753	O+H=3835	 DONE
07/10/2025 15:41:06:	move motor	S18.axis2.phaseshifter 1 to 1.169495deg	 DONE
07/10/2025 15:41:08:	42	count	time	10.000000s/cts	O Det=897	H Det=910	Mon Det=30361	Aux Det=2281	O+H=4088	 DONE
07/10/2025 15:41:20:	move motor	S18.axis2.phaseshifter 1 to 1.271190deg	 DONE
07/10/2025 15:41:21:	43	count	time	10.000000s/cts	O Det=585	H Det=653	Mon Det=30674	Aux Det=3126	O+H=4364	 DONE
07/10/2025 15:41:33:	move motor	S18.axis2.phaseshifter 1 to 1.372885deg	 DONE
07/10/2025 15:41:34:	44	count	time	10.000000s/cts	O Det=334	H Det=358	Mon Det=30377	Aux Det=3909	O+H=4601	 DONE
07/10/2025 15:41:46:	move motor	S18.axis2.phaseshifter 1 to 1.474580deg	 DONE
07/10/2025 15:41:47:	45	count	time	10.000000s/cts	O Det=216	H Det=251	Mon Det=30591	Aux Det=4332	O+H=4799	 DONE
07/10/2025 15:41:59:	move motor	S18.axis2.phaseshifter 1 to 1.576275deg	 DONE
07/10/2025 15:42:01:	46	count	time	10.000000s/cts	O Det=223	H Det=235	Mon Det=30696	Aux Det=4234	O+H=4692	 DONE
07/10/2025 15:42:12:	move motor	S18.axis2.phaseshifter 1 to 1.677970deg	 DONE
07/10/2025 15:42:14:	47	count	time	10.000000s/cts	O Det=431	H Det=427	Mon Det=30647	Aux Det=3665	O+H=4523	 DONE
07/10/2025 15:42:25:	move motor	S18.axis2.phaseshifter 1 to 1.779665deg	 DONE
07/10/2025 15:42:27:	48	count	time	10.000000s/cts	O Det=686	H Det=611	Mon Det=30706	Aux Det=2973	O+H=4270	 DONE
07/10/2025 15:42:39:	move motor	S18.axis2.phaseshifter 1 to 1.881360deg	 DONE
07/10/2025 15:42:40:	49	count	time	10.000000s/cts	O Det=892	H Det=940	Mon Det=30538	Aux Det=2174	O+H=4006	 DONE
07/10/2025 15:42:52:	move motor	S18.axis2.phaseshifter 1 to 1.983055deg	 DONE
07/10/2025 15:42:53:	50	count	time	10.000000s/cts	O Det=1080	H Det=1064	Mon Det=30252	Aux Det=1670	O+H=3814	 DONE
07/10/2025 15:43:05:	move motor	S18.axis2.phaseshifter 1 to 2.084750deg	 DONE
07/10/2025 15:43:07:	51	count	time	10.000000s/cts	O Det=1096	H Det=1071	Mon Det=30413	Aux Det=1689	O+H=3856	 DONE
07/10/2025 15:43:18:	move motor	S18.axis2.phaseshifter 1 to 2.186445deg	 DONE
07/10/2025 15:43:20:	52	count	time	10.000000s/cts	O Det=877	H Det=880	Mon Det=30522	Aux Det=2319	O+H=4076	 DONE
07/10/2025 15:43:31:	move motor	S18.axis2.phaseshifter 1 to 2.288140deg	 DONE
07/10/2025 15:43:33:	53	count	time	10.000000s/cts	O Det=622	H Det=678	Mon Det=30689	Aux Det=2982	O+H=4282	 DONE
07/10/2025 15:43:45:	move motor	S18.axis2.phaseshifter 1 to 2.389835deg	 DONE
07/10/2025 15:43:46:	54	count	time	10.000000s/cts	O Det=337	H Det=383	Mon Det=30274	Aux Det=3775	O+H=4495	 DONE
07/10/2025 15:43:58:	move motor	S18.axis2.phaseshifter 1 to 2.491530deg	 DONE
07/10/2025 15:43:59:	55	count	time	10.000000s/cts	O Det=219	H Det=239	Mon Det=30427	Aux Det=4267	O+H=4725	 DONE
07/10/2025 15:44:11:	move motor	S18.axis2.phaseshifter 1 to 2.593225deg	 DONE
07/10/2025 15:44:13:	56	count	time	10.000000s/cts	O Det=204	H Det=239	Mon Det=30609	Aux Det=4276	O+H=4719	 DONE
07/10/2025 15:44:24:	move motor	S18.axis2.phaseshifter 1 to 2.694920deg	 DONE
07/10/2025 15:44:26:	57	count	time	10.000000s/cts	O Det=351	H Det=362	Mon Det=30392	Aux Det=3913	O+H=4626	 DONE
07/10/2025 15:44:37:	move motor	S18.axis2.phaseshifter 1 to 2.796615deg	 DONE
07/10/2025 15:44:39:	58	count	time	10.000000s/cts	O Det=674	H Det=663	Mon Det=30497	Aux Det=3022	O+H=4359	 DONE
07/10/2025 15:44:51:	move motor	S18.axis2.phaseshifter 1 to 2.898310deg	 DONE
07/10/2025 15:44:52:	59	count	time	10.000000s/cts	O Det=921	H Det=861	Mon Det=30382	Aux Det=2326	O+H=4108	 DONE
07/10/2025 15:45:04:	move motor	S18.axis2.phaseshifter 1 to 3.000005deg	 DONE
07/10/2025 15:45:05:	60	count	time	10.000000s/cts	O Det=1031	H Det=1009	Mon Det=30389	Aux Det=1758	O+H=3798	 DONE
07/10/2025 15:45:17:	close file and end scan	 DONE
call of ifg1_newPS_6p10s_B3.sc DONE
07/10/2025 15:45:18:	move motor	S18.axis2.Aperture Y to 16.50000mm	reached 16.50000  DONE
07/10/2025 15:45:22:	move motor	S18.axis2.phaseshifter 1 to -3.100000deg	 DONE
07/10/2025 15:45:25:	create file	D:\data\Cycle 198\exp_3-16-19\rawdata\sc\Aperture_scan_ifg1_newPS_B3_6p10s_07Oct1545.dat	 DONE
room to enter remarks DONE
07/10/2025 15:45:26:	move motor	S18.axis2.phaseshifter 1 to -3.000000deg	 DONE
07/10/2025 15:45:28:	1	count	time	10.000000s/cts	O Det=1099	H Det=1242	Mon Det=30505	Aux Det=2253	O+H=4594	 DONE
07/10/2025 15:45:39:	move motor	S18.axis2.phaseshifter 1 to -2.898305deg	 DONE
07/10/2025 15:45:41:	2	count	time	10.000000s/cts	O Det=802	H Det=913	Mon Det=30622	Aux Det=3235	O+H=4950	 DONE
07/10/2025 15:45:52:	move motor	S18.axis2.phaseshifter 1 to -2.796610deg	 DONE
07/10/2025 15:45:54:	3	count	time	10.000000s/cts	O Det=549	H Det=545	Mon Det=30607	Aux Det=4010	O+H=5104	 DONE
07/10/2025 15:46:06:	move motor	S18.axis2.phaseshifter 1 to -2.694915deg	 DONE
07/10/2025 15:46:07:	4	count	time	10.000000s/cts	O Det=288	H Det=396	Mon Det=30708	Aux Det=4690	O+H=5374	 DONE
07/10/2025 15:46:19:	move motor	S18.axis2.phaseshifter 1 to -2.593220deg	 DONE
07/10/2025 15:46:20:	5	count	time	10.000000s/cts	O Det=261	H Det=334	Mon Det=30030	Aux Det=4873	O+H=5468	 DONE
07/10/2025 15:46:32:	move motor	S18.axis2.phaseshifter 1 to -2.491525deg	 DONE
07/10/2025 15:46:34:	6	count	time	10.000000s/cts	O Det=391	H Det=450	Mon Det=30329	Aux Det=4478	O+H=5319	 DONE
07/10/2025 15:46:45:	move motor	S18.axis2.phaseshifter 1 to -2.389830deg	 DONE
07/10/2025 15:46:47:	7	count	time	10.000000s/cts	O Det=658	H Det=636	Mon Det=30761	Aux Det=3773	O+H=5067	 DONE
07/10/2025 15:46:58:	move motor	S18.axis2.phaseshifter 1 to -2.288135deg	 DONE
07/10/2025 15:47:00:	8	count	time	10.000000s/cts	O Det=1027	H Det=998	Mon Det=30377	Aux Det=2781	O+H=4806	 DONE
07/10/2025 15:47:12:	move motor	S18.axis2.phaseshifter 1 to -2.186440deg	 DONE
07/10/2025 15:47:13:	9	count	time	10.000000s/cts	O Det=1195	H Det=1274	Mon Det=30729	Aux Det=2088	O+H=4557	 DONE
07/10/2025 15:47:25:	move motor	S18.axis2.phaseshifter 1 to -2.084745deg	 DONE
07/10/2025 15:47:26:	10	count	time	10.000000s/cts	O Det=1317	H Det=1286	Mon Det=30674	Aux Det=1759	O+H=4362	 DONE
07/10/2025 15:47:38:	move motor	S18.axis2.phaseshifter 1 to -1.983050deg	 DONE
07/10/2025 15:47:40:	11	count	time	10.000000s/cts	O Det=1112	H Det=1191	Mon Det=30539	Aux Det=2229	O+H=4532	 DONE
07/10/2025 15:47:51:	move motor	S18.axis2.phaseshifter 1 to -1.881355deg	 DONE
07/10/2025 15:47:53:	12	count	time	10.000000s/cts	O Det=865	H Det=883	Mon Det=30398	Aux Det=3072	O+H=4820	 DONE
07/10/2025 15:48:04:	move motor	S18.axis2.phaseshifter 1 to -1.779660deg	 DONE
07/10/2025 15:48:06:	13	count	time	10.000000s/cts	O Det=534	H Det=617	Mon Det=30551	Aux Det=4110	O+H=5261	 DONE
07/10/2025 15:48:18:	move motor	S18.axis2.phaseshifter 1 to -1.677965deg	 DONE
07/10/2025 15:48:19:	14	count	time	10.000000s/cts	O Det=349	H Det=395	Mon Det=30449	Aux Det=4753	O+H=5497	 DONE
07/10/2025 15:48:31:	move motor	S18.axis2.phaseshifter 1 to -1.576270deg	 DONE
07/10/2025 15:48:32:	15	count	time	10.000000s/cts	O Det=272	H Det=299	Mon Det=30151	Aux Det=4991	O+H=5562	 DONE
07/10/2025 15:48:44:	move motor	S18.axis2.phaseshifter 1 to -1.474575deg	 DONE
07/10/2025 15:48:46:	16	count	time	10.000000s/cts	O Det=400	H Det=441	Mon Det=30565	Aux Det=4630	O+H=5471	 DONE
07/10/2025 15:48:57:	move motor	S18.axis2.phaseshifter 1 to -1.372880deg	 DONE
07/10/2025 15:48:59:	17	count	time	10.000000s/cts	O Det=681	H Det=690	Mon Det=30343	Aux Det=3761	O+H=5132	 DONE
07/10/2025 15:49:10:	move motor	S18.axis2.phaseshifter 1 to -1.271185deg	 DONE
07/10/2025 15:49:12:	18	count	time	10.000000s/cts	O Det=920	H Det=1047	Mon Det=30342	Aux Det=2846	O+H=4813	 DONE
07/10/2025 15:49:24:	move motor	S18.axis2.phaseshifter 1 to -1.169490deg	 DONE
07/10/2025 15:49:25:	19	count	time	10.000000s/cts	O Det=1163	H Det=1240	Mon Det=30253	Aux Det=2126	O+H=4529	 DONE
07/10/2025 15:49:37:	move motor	S18.axis2.phaseshifter 1 to -1.067795deg	 DONE
07/10/2025 15:49:38:	20	count	time	10.000000s/cts	O Det=1276	H Det=1269	Mon Det=30083	Aux Det=1855	O+H=4400	 DONE
07/10/2025 15:49:50:	move motor	S18.axis2.phaseshifter 1 to -0.966100deg	 DONE
07/10/2025 15:49:52:	21	count	time	10.000000s/cts	O Det=1173	H Det=1169	Mon Det=30131	Aux Det=2257	O+H=4599	 DONE
07/10/2025 15:50:03:	move motor	S18.axis2.phaseshifter 1 to -0.864405deg	 DONE
07/10/2025 15:50:05:	22	count	time	10.000000s/cts	O Det=989	H Det=962	Mon Det=30650	Aux Det=2925	O+H=4876	 DONE
07/10/2025 15:50:16:	move motor	S18.axis2.phaseshifter 1 to -0.762710deg	 DONE
07/10/2025 15:50:18:	23	count	time	10.000000s/cts	O Det=630	H Det=662	Mon Det=30123	Aux Det=3815	O+H=5107	 DONE
07/10/2025 15:50:30:	move motor	S18.axis2.phaseshifter 1 to -0.661015deg	 DONE
07/10/2025 15:50:31:	24	count	time	10.000000s/cts	O Det=367	H Det=412	Mon Det=30229	Aux Det=4784	O+H=5563	 DONE
07/10/2025 15:50:43:	move motor	S18.axis2.phaseshifter 1 to -0.559320deg	 DONE
07/10/2025 15:50:44:	25	count	time	10.000000s/cts	O Det=285	H Det=310	Mon Det=30603	Aux Det=5041	O+H=5636	 DONE
07/10/2025 15:50:56:	move motor	S18.axis2.phaseshifter 1 to -0.457625deg	 DONE
07/10/2025 15:50:58:	26	count	time	10.000000s/cts	O Det=358	H Det=348	Mon Det=30402	Aux Det=4714	O+H=5420	 DONE
07/10/2025 15:51:09:	move motor	S18.axis2.phaseshifter 1 to -0.355930deg	 DONE
07/10/2025 15:51:11:	27	count	time	10.000000s/cts	O Det=640	H Det=670	Mon Det=30381	Aux Det=3848	O+H=5158	 DONE
07/10/2025 15:51:22:	move motor	S18.axis2.phaseshifter 1 to -0.254235deg	 DONE
07/10/2025 15:51:24:	28	count	time	10.000000s/cts	O Det=943	H Det=978	Mon Det=30545	Aux Det=2949	O+H=4870	 DONE
07/10/2025 15:51:36:	move motor	S18.axis2.phaseshifter 1 to -0.152540deg	 DONE
07/10/2025 15:51:37:	29	count	time	10.000000s/cts	O Det=1166	H Det=1141	Mon Det=30422	Aux Det=2184	O+H=4491	 DONE
07/10/2025 15:51:49:	move motor	S18.axis2.phaseshifter 1 to -0.050845deg	 DONE
07/10/2025 15:51:50:	30	count	time	10.000000s/cts	O Det=1282	H Det=1325	Mon Det=30162	Aux Det=1909	O+H=4516	 DONE
07/10/2025 15:52:02:	move motor	S18.axis2.phaseshifter 1 to 0.050850deg	 DONE
07/10/2025 15:52:04:	31	count	time	10.000000s/cts	O Det=1234	H Det=1205	Mon Det=30373	Aux Det=2102	O+H=4541	 DONE
07/10/2025 15:52:15:	move motor	S18.axis2.phaseshifter 1 to 0.152545deg	 DONE
07/10/2025 15:52:17:	32	count	time	10.000000s/cts	O Det=931	H Det=1096	Mon Det=30623	Aux Det=2695	O+H=4722	 DONE
07/10/2025 15:52:28:	move motor	S18.axis2.phaseshifter 1 to 0.254240deg	 DONE
07/10/2025 15:52:30:	33	count	time	10.000000s/cts	O Det=658	H Det=758	Mon Det=30336	Aux Det=3680	O+H=5096	 DONE
07/10/2025 15:52:42:	move motor	S18.axis2.phaseshifter 1 to 0.355935deg	 DONE
07/10/2025 15:52:43:	34	count	time	10.000000s/cts	O Det=384	H Det=470	Mon Det=30391	Aux Det=4518	O+H=5372	 DONE
07/10/2025 15:52:55:	move motor	S18.axis2.phaseshifter 1 to 0.457630deg	 DONE
07/10/2025 15:52:56:	35	count	time	10.000000s/cts	O Det=289	H Det=293	Mon Det=30350	Aux Det=4920	O+H=5502	 DONE
07/10/2025 15:53:08:	move motor	S18.axis2.phaseshifter 1 to 0.559325deg	 DONE
07/10/2025 15:53:10:	36	count	time	10.000000s/cts	O Det=329	H Det=384	Mon Det=30713	Aux Det=4634	O+H=5347	 DONE
07/10/2025 15:53:21:	move motor	S18.axis2.phaseshifter 1 to 0.661020deg	 DONE
07/10/2025 15:53:23:	37	count	time	10.000000s/cts	O Det=531	H Det=610	Mon Det=30635	Aux Det=4144	O+H=5285	 DONE
07/10/2025 15:53:34:	move motor	S18.axis2.phaseshifter 1 to 0.762715deg	 DONE
07/10/2025 15:53:36:	38	count	time	10.000000s/cts	O Det=831	H Det=871	Mon Det=30082	Aux Det=3155	O+H=4857	 DONE
07/10/2025 15:53:48:	move motor	S18.axis2.phaseshifter 1 to 0.864410deg	 DONE
07/10/2025 15:53:49:	39	count	time	10.000000s/cts	O Det=1160	H Det=1192	Mon Det=30609	Aux Det=2257	O+H=4609	 DONE
07/10/2025 15:54:01:	move motor	S18.axis2.phaseshifter 1 to 0.966105deg	 DONE
07/10/2025 15:54:02:	40	count	time	10.000000s/cts	O Det=1279	H Det=1352	Mon Det=30735	Aux Det=1836	O+H=4467	 DONE
07/10/2025 15:54:14:	move motor	S18.axis2.phaseshifter 1 to 1.067800deg	 DONE
07/10/2025 15:54:15:	41	count	time	10.000000s/cts	O Det=1193	H Det=1260	Mon Det=30726	Aux Det=1948	O+H=4401	 DONE
07/10/2025 15:54:27:	move motor	S18.axis2.phaseshifter 1 to 1.169495deg	 DONE
07/10/2025 15:54:29:	42	count	time	10.000000s/cts	O Det=1041	H Det=1153	Mon Det=30329	Aux Det=2437	O+H=4631	 DONE
07/10/2025 15:54:40:	move motor	S18.axis2.phaseshifter 1 to 1.271190deg	 DONE
07/10/2025 15:54:42:	43	count	time	10.000000s/cts	O Det=726	H Det=765	Mon Det=30275	Aux Det=3537	O+H=5028	 DONE
07/10/2025 15:54:53:	move motor	S18.axis2.phaseshifter 1 to 1.372885deg	 DONE
07/10/2025 15:54:55:	44	count	time	10.000000s/cts	O Det=413	H Det=432	Mon Det=30354	Aux Det=4481	O+H=5326	 DONE
07/10/2025 15:55:07:	move motor	S18.axis2.phaseshifter 1 to 1.474580deg	 DONE
07/10/2025 15:55:08:	45	count	time	10.000000s/cts	O Det=282	H Det=345	Mon Det=30733	Aux Det=4975	O+H=5602	 DONE
07/10/2025 15:55:20:	move motor	S18.axis2.phaseshifter 1 to 1.576275deg	 DONE
07/10/2025 15:55:21:	46	count	time	10.000000s/cts	O Det=299	H Det=324	Mon Det=30592	Aux Det=4804	O+H=5427	 DONE
07/10/2025 15:55:33:	move motor	S18.axis2.phaseshifter 1 to 1.677970deg	 DONE
07/10/2025 15:55:35:	47	count	time	10.000000s/cts	O Det=541	H Det=598	Mon Det=30631	Aux Det=4318	O+H=5457	 DONE
07/10/2025 15:55:46:	move motor	S18.axis2.phaseshifter 1 to 1.779665deg	 DONE
07/10/2025 15:55:48:	48	count	time	10.000000s/cts	O Det=787	H Det=799	Mon Det=30160	Aux Det=3291	O+H=4877	 DONE
07/10/2025 15:55:59:	move motor	S18.axis2.phaseshifter 1 to 1.881360deg	 DONE
07/10/2025 15:56:01:	49	count	time	10.000000s/cts	O Det=999	H Det=1083	Mon Det=30742	Aux Det=2487	O+H=4569	 DONE
07/10/2025 15:56:13:	move motor	S18.axis2.phaseshifter 1 to 1.983055deg	 DONE
07/10/2025 15:56:14:	50	count	time	10.000000s/cts	O Det=1284	H Det=1312	Mon Det=30457	Aux Det=1930	O+H=4526	 DONE
07/10/2025 15:56:26:	move motor	S18.axis2.phaseshifter 1 to 2.084750deg	 DONE
07/10/2025 15:56:27:	51	count	time	10.000000s/cts	O Det=1201	H Det=1292	Mon Det=30208	Aux Det=1994	O+H=4487	 DONE
07/10/2025 15:56:39:	move motor	S18.axis2.phaseshifter 1 to 2.186445deg	 DONE
07/10/2025 15:56:41:	52	count	time	10.000000s/cts	O Det=1000	H Det=1148	Mon Det=30435	Aux Det=2594	O+H=4742	 DONE
07/10/2025 15:56:52:	move motor	S18.axis2.phaseshifter 1 to 2.288140deg	 DONE
07/10/2025 15:56:54:	53	count	time	10.000000s/cts	O Det=740	H Det=766	Mon Det=30576	Aux Det=3499	O+H=5005	 DONE
07/10/2025 15:57:05:	move motor	S18.axis2.phaseshifter 1 to 2.389835deg	 DONE
07/10/2025 15:57:07:	54	count	time	10.000000s/cts	O Det=466	H Det=525	Mon Det=30111	Aux Det=4343	O+H=5334	 DONE
07/10/2025 15:57:19:	move motor	S18.axis2.phaseshifter 1 to 2.491530deg	 DONE
07/10/2025 15:57:20:	55	count	time	10.000000s/cts	O Det=272	H Det=326	Mon Det=30366	Aux Det=4881	O+H=5479	 DONE
07/10/2025 15:57:32:	move motor	S18.axis2.phaseshifter 1 to 2.593225deg	 DONE
07/10/2025 15:57:33:	56	count	time	10.000000s/cts	O Det=303	H Det=335	Mon Det=30357	Aux Det=4744	O+H=5382	 DONE
07/10/2025 15:57:45:	move motor	S18.axis2.phaseshifter 1 to 2.694920deg	 DONE
07/10/2025 15:57:47:	57	count	time	10.000000s/cts	O Det=516	H Det=518	Mon Det=30257	Aux Det=4266	O+H=5300	 DONE
07/10/2025 15:57:58:	move motor	S18.axis2.phaseshifter 1 to 2.796615deg	 DONE
07/10/2025 15:58:00:	58	count	time	10.000000s/cts	O Det=814	H Det=795	Mon Det=30366	Aux Det=3416	O+H=5025	 DONE
07/10/2025 15:58:11:	move motor	S18.axis2.phaseshifter 1 to 2.898310deg	 DONE
07/10/2025 15:58:13:	59	count	time	10.000000s/cts	O Det=963	H Det=1049	Mon Det=30607	Aux Det=2626	O+H=4638	 DONE
07/10/2025 15:58:25:	move motor	S18.axis2.phaseshifter 1 to 3.000005deg	 DONE
07/10/2025 15:58:26:	60	count	time	10.000000s/cts	O Det=1190	H Det=1262	Mon Det=30454	Aux Det=2082	O+H=4534	 DONE
07/10/2025 15:58:38:	close file and end scan	 DONE
call of ifg1_newPS_6p10s_B3.sc DONE
07/10/2025 15:58:39:	move motor	S18.axis2.Aperture Y to 18.00000mm	reached 18.00000  DONE
07/10/2025 15:58:43:	move motor	S18.axis2.phaseshifter 1 to -3.100000deg	 DONE
07/10/2025 15:58:46:	create file	D:\data\Cycle 198\exp_3-16-19\rawdata\sc\Aperture_scan_ifg1_newPS_B3_6p10s_07Oct1558.dat	 DONE
room to enter remarks DONE
07/10/2025 15:58:47:	move motor	S18.axis2.phaseshifter 1 to -3.000000deg	 DONE
07/10/2025 15:58:49:	1	count	time	10.000000s/cts	O Det=1107	H Det=1161	Mon Det=30507	Aux Det=2420	O+H=4688	 DONE
07/10/2025 15:59:00:	move motor	S18.axis2.phaseshifter 1 to -2.898305deg	 DONE
07/10/2025 15:59:02:	2	count	time	10.000000s/cts	O Det=740	H Det=856	Mon Det=30474	Aux Det=3236	O+H=4832	 DONE
07/10/2025 15:59:13:	move motor	S18.axis2.phaseshifter 1 to -2.796610deg	 DONE
07/10/2025 15:59:15:	3	count	time	10.000000s/cts	O Det=510	H Det=613	Mon Det=30435	Aux Det=3895	O+H=5018	 DONE
07/10/2025 15:59:27:	move motor	S18.axis2.phaseshifter 1 to -2.694915deg	 DONE
07/10/2025 15:59:28:	4	count	time	10.000000s/cts	O Det=259	H Det=344	Mon Det=30551	Aux Det=4618	O+H=5221	 DONE
07/10/2025 15:59:40:	move motor	S18.axis2.phaseshifter 1 to -2.593220deg	 DONE
07/10/2025 15:59:41:	5	count	time	10.000000s/cts	O Det=270	H Det=318	Mon Det=30409	Aux Det=4674	O+H=5262	 DONE
07/10/2025 15:59:53:	move motor	S18.axis2.phaseshifter 1 to -2.491525deg	 DONE
07/10/2025 15:59:55:	6	count	time	10.000000s/cts	O Det=431	H Det=468	Mon Det=30478	Aux Det=4269	O+H=5168	 DONE
07/10/2025 16:00:06:	move motor	S18.axis2.phaseshifter 1 to -2.389830deg	 DONE
07/10/2025 16:00:08:	7	count	time	10.000000s/cts	O Det=710	H Det=726	Mon Det=30390	Aux Det=3475	O+H=4911	 DONE
07/10/2025 16:00:19:	move motor	S18.axis2.phaseshifter 1 to -2.288135deg	 DONE
07/10/2025 16:00:21:	8	count	time	10.000000s/cts	O Det=1063	H Det=1107	Mon Det=30478	Aux Det=2555	O+H=4725	 DONE
07/10/2025 16:00:33:	move motor	S18.axis2.phaseshifter 1 to -2.186440deg	 DONE
07/10/2025 16:00:34:	9	count	time	10.000000s/cts	O Det=1198	H Det=1238	Mon Det=30272	Aux Det=1849	O+H=4285	 DONE
07/10/2025 16:00:46:	move motor	S18.axis2.phaseshifter 1 to -2.084745deg	 DONE
07/10/2025 16:00:47:	10	count	time	10.000000s/cts	O Det=1329	H Det=1400	Mon Det=30526	Aux Det=1727	O+H=4456	 DONE
07/10/2025 16:00:59:	move motor	S18.axis2.phaseshifter 1 to -1.983050deg	 DONE
07/10/2025 16:01:01:	11	count	time	10.000000s/cts	O Det=1083	H Det=1218	Mon Det=30694	Aux Det=2201	O+H=4502	 DONE
07/10/2025 16:01:12:	move motor	S18.axis2.phaseshifter 1 to -1.881355deg	 DONE
07/10/2025 16:01:14:	12	count	time	10.000000s/cts	O Det=824	H Det=892	Mon Det=30369	Aux Det=3120	O+H=4836	 DONE
07/10/2025 16:01:25:	move motor	S18.axis2.phaseshifter 1 to -1.779660deg	 DONE
07/10/2025 16:01:27:	13	count	time	10.000000s/cts	O Det=494	H Det=605	Mon Det=30368	Aux Det=3893	O+H=4992	 DONE
07/10/2025 16:01:39:	move motor	S18.axis2.phaseshifter 1 to -1.677965deg	 DONE
07/10/2025 16:01:40:	14	count	time	10.000000s/cts	O Det=287	H Det=351	Mon Det=30148	Aux Det=4476	O+H=5114	 DONE
07/10/2025 16:01:52:	move motor	S18.axis2.phaseshifter 1 to -1.576270deg	 DONE
07/10/2025 16:01:53:	15	count	time	10.000000s/cts	O Det=234	H Det=301	Mon Det=30433	Aux Det=4730	O+H=5265	 DONE
07/10/2025 16:02:05:	move motor	S18.axis2.phaseshifter 1 to -1.474575deg	 DONE
07/10/2025 16:02:07:	16	count	time	10.000000s/cts	O Det=411	H Det=450	Mon Det=30243	Aux Det=4438	O+H=5299	 DONE
07/10/2025 16:02:18:	move motor	S18.axis2.phaseshifter 1 to -1.372880deg	 DONE
07/10/2025 16:02:20:	17	count	time	10.000000s/cts	O Det=707	H Det=782	Mon Det=30309	Aux Det=3382	O+H=4871	 DONE
07/10/2025 16:02:31:	move motor	S18.axis2.phaseshifter 1 to -1.271185deg	 DONE
07/10/2025 16:02:33:	18	count	time	10.000000s/cts	O Det=1079	H Det=1040	Mon Det=30571	Aux Det=2425	O+H=4544	 DONE
07/10/2025 16:02:45:	move motor	S18.axis2.phaseshifter 1 to -1.169490deg	 DONE
07/10/2025 16:02:46:	19	count	time	10.000000s/cts	O Det=1244	H Det=1306	Mon Det=30236	Aux Det=1868	O+H=4418	 DONE
07/10/2025 16:02:58:	move motor	S18.axis2.phaseshifter 1 to -1.067795deg	 DONE
07/10/2025 16:02:59:	20	count	time	10.000000s/cts	O Det=1341	H Det=1353	Mon Det=30393	Aux Det=1750	O+H=4444	 DONE
07/10/2025 16:03:11:	move motor	S18.axis2.phaseshifter 1 to -0.966100deg	 DONE
07/10/2025 16:03:13:	21	count	time	10.000000s/cts	O Det=1117	H Det=1173	Mon Det=30388	Aux Det=2178	O+H=4468	 DONE
07/10/2025 16:03:24:	move motor	S18.axis2.phaseshifter 1 to -0.864405deg	 DONE
07/10/2025 16:03:26:	22	count	time	10.000000s/cts	O Det=847	H Det=962	Mon Det=30483	Aux Det=3001	O+H=4810	 DONE
07/10/2025 16:03:37:	move motor	S18.axis2.phaseshifter 1 to -0.762710deg	 DONE
07/10/2025 16:03:39:	23	count	time	10.000000s/cts	O Det=482	H Det=616	Mon Det=30305	Aux Det=3937	O+H=5035	 DONE
07/10/2025 16:03:51:	move motor	S18.axis2.phaseshifter 1 to -0.661015deg	 DONE
07/10/2025 16:03:52:	24	count	time	10.000000s/cts	O Det=262	H Det=353	Mon Det=30156	Aux Det=4422	O+H=5037	 DONE
07/10/2025 16:04:04:	move motor	S18.axis2.phaseshifter 1 to -0.559320deg	 DONE
07/10/2025 16:04:05:	25	count	time	10.000000s/cts	O Det=246	H Det=317	Mon Det=30380	Aux Det=4642	O+H=5205	 DONE
07/10/2025 16:04:17:	move motor	S18.axis2.phaseshifter 1 to -0.457625deg	 DONE
07/10/2025 16:04:19:	26	count	time	10.000000s/cts	O Det=398	H Det=414	Mon Det=30705	Aux Det=4440	O+H=5252	 DONE
07/10/2025 16:04:30:	move motor	S18.axis2.phaseshifter 1 to -0.355930deg	 DONE
07/10/2025 16:04:32:	27	count	time	10.000000s/cts	O Det=680	H Det=739	Mon Det=30741	Aux Det=3593	O+H=5012	 DONE
07/10/2025 16:04:43:	move motor	S18.axis2.phaseshifter 1 to -0.254235deg	 DONE
07/10/2025 16:04:45:	28	count	time	10.000000s/cts	O Det=1011	H Det=1075	Mon Det=30628	Aux Det=2681	O+H=4767	 DONE
07/10/2025 16:04:57:	move motor	S18.axis2.phaseshifter 1 to -0.152540deg	 DONE
07/10/2025 16:04:58:	29	count	time	10.000000s/cts	O Det=1206	H Det=1206	Mon Det=30408	Aux Det=2034	O+H=4446	 DONE
07/10/2025 16:05:10:	move motor	S18.axis2.phaseshifter 1 to -0.050845deg	 DONE
07/10/2025 16:05:11:	30	count	time	10.000000s/cts	O Det=1293	H Det=1387	Mon Det=30466	Aux Det=1749	O+H=4429	 DONE
07/10/2025 16:05:23:	move motor	S18.axis2.phaseshifter 1 to 0.050850deg	 DONE
07/10/2025 16:05:25:	31	count	time	10.000000s/cts	O Det=1189	H Det=1211	Mon Det=30651	Aux Det=2143	O+H=4543	 DONE
07/10/2025 16:05:36:	move motor	S18.axis2.phaseshifter 1 to 0.152545deg	 DONE
07/10/2025 16:05:38:	32	count	time	10.000000s/cts	O Det=952	H Det=935	Mon Det=30609	Aux Det=2806	O+H=4693	 DONE
07/10/2025 16:05:49:	move motor	S18.axis2.phaseshifter 1 to 0.254240deg	 DONE
07/10/2025 16:05:51:	33	count	time	10.000000s/cts	O Det=586	H Det=671	Mon Det=30259	Aux Det=3679	O+H=4936	 DONE
07/10/2025 16:06:03:	move motor	S18.axis2.phaseshifter 1 to 0.355935deg	 DONE
07/10/2025 16:06:04:	34	count	time	10.000000s/cts	O Det=347	H Det=419	Mon Det=30654	Aux Det=4402	O+H=5168	 DONE
07/10/2025 16:06:16:	move motor	S18.axis2.phaseshifter 1 to 0.457630deg	 DONE
07/10/2025 16:06:17:	35	count	time	10.000000s/cts	O Det=222	H Det=329	Mon Det=30499	Aux Det=4902	O+H=5453	 DONE
07/10/2025 16:06:29:	move motor	S18.axis2.phaseshifter 1 to 0.559325deg	 DONE
07/10/2025 16:06:31:	36	count	time	10.000000s/cts	O Det=327	H Det=382	Mon Det=30513	Aux Det=4526	O+H=5235	 DONE
07/10/2025 16:06:42:	move motor	S18.axis2.phaseshifter 1 to 0.661020deg	 DONE
07/10/2025 16:06:44:	37	count	time	10.000000s/cts	O Det=614	H Det=689	Mon Det=30600	Aux Det=3855	O+H=5158	 DONE
07/10/2025 16:06:55:	move motor	S18.axis2.phaseshifter 1 to 0.762715deg	 DONE
07/10/2025 16:06:57:	38	count	time	10.000000s/cts	O Det=1037	H Det=949	Mon Det=30445	Aux Det=2712	O+H=4698	 DONE
07/10/2025 16:07:09:	move motor	S18.axis2.phaseshifter 1 to 0.864410deg	 DONE
07/10/2025 16:07:10:	39	count	time	10.000000s/cts	O Det=1253	H Det=1223	Mon Det=30391	Aux Det=2091	O+H=4567	 DONE
07/10/2025 16:07:22:	move motor	S18.axis2.phaseshifter 1 to 0.966105deg	 DONE
07/10/2025 16:07:23:	40	count	time	10.000000s/cts	O Det=1366	H Det=1297	Mon Det=30281	Aux Det=1725	O+H=4388	 DONE
07/10/2025 16:07:35:	move motor	S18.axis2.phaseshifter 1 to 1.067800deg	 DONE
07/10/2025 16:07:37:	41	count	time	10.000000s/cts	O Det=1225	H Det=1253	Mon Det=30144	Aux Det=2012	O+H=4490	 DONE
07/10/2025 16:07:48:	move motor	S18.axis2.phaseshifter 1 to 1.169495deg	 DONE
07/10/2025 16:07:50:	42	count	time	10.000000s/cts	O Det=968	H Det=1036	Mon Det=30278	Aux Det=2702	O+H=4706	 DONE
07/10/2025 16:08:01:	move motor	S18.axis2.phaseshifter 1 to 1.271190deg	 DONE
07/10/2025 16:08:03:	43	count	time	10.000000s/cts	O Det=612	H Det=690	Mon Det=30344	Aux Det=3665	O+H=4967	 DONE
07/10/2025 16:08:15:	move motor	S18.axis2.phaseshifter 1 to 1.372885deg	 DONE
07/10/2025 16:08:16:	44	count	time	10.000000s/cts	O Det=345	H Det=427	Mon Det=30329	Aux Det=4497	O+H=5269	 DONE
07/10/2025 16:08:28:	move motor	S18.axis2.phaseshifter 1 to 1.474580deg	 DONE
07/10/2025 16:08:29:	45	count	time	10.000000s/cts	O Det=225	H Det=310	Mon Det=30479	Aux Det=4633	O+H=5168	 DONE
07/10/2025 16:08:41:	move motor	S18.axis2.phaseshifter 1 to 1.576275deg	 DONE
07/10/2025 16:08:43:	46	count	time	10.000000s/cts	O Det=327	H Det=368	Mon Det=30265	Aux Det=4559	O+H=5254	 DONE
07/10/2025 16:08:54:	move motor	S18.axis2.phaseshifter 1 to 1.677970deg	 DONE
07/10/2025 16:08:56:	47	count	time	10.000000s/cts	O Det=604	H Det=603	Mon Det=30305	Aux Det=3841	O+H=5048	 DONE
07/10/2025 16:09:07:	move motor	S18.axis2.phaseshifter 1 to 1.779665deg	 DONE
07/10/2025 16:09:09:	48	count	time	10.000000s/cts	O Det=877	H Det=919	Mon Det=30399	Aux Det=3118	O+H=4914	 DONE
07/10/2025 16:09:21:	move motor	S18.axis2.phaseshifter 1 to 1.881360deg	 DONE
07/10/2025 16:09:22:	49	count	time	10.000000s/cts	O Det=1119	H Det=1133	Mon Det=30283	Aux Det=2109	O+H=4361	 DONE
07/10/2025 16:09:34:	move motor	S18.axis2.phaseshifter 1 to 1.983055deg	 DONE
07/10/2025 16:09:35:	50	count	time	10.000000s/cts	O Det=1255	H Det=1338	Mon Det=30377	Aux Det=1868	O+H=4461	 DONE
07/10/2025 16:09:47:	move motor	S18.axis2.phaseshifter 1 to 2.084750deg	 DONE
07/10/2025 16:09:49:	51	count	time	10.000000s/cts	O Det=1218	H Det=1264	Mon Det=29913	Aux Det=1918	O+H=4400	 DONE
07/10/2025 16:10:00:	move motor	S18.axis2.phaseshifter 1 to 2.186445deg	 DONE
07/10/2025 16:10:02:	52	count	time	10.000000s/cts	O Det=950	H Det=993	Mon Det=30376	Aux Det=2582	O+H=4525	 DONE
07/10/2025 16:10:13:	move motor	S18.axis2.phaseshifter 1 to 2.288140deg	 DONE
07/10/2025 16:10:15:	53	count	time	10.000000s/cts	O Det=617	H Det=748	Mon Det=30473	Aux Det=3469	O+H=4834	 DONE
07/10/2025 16:10:27:	move motor	S18.axis2.phaseshifter 1 to 2.389835deg	 DONE
07/10/2025 16:10:28:	54	count	time	10.000000s/cts	O Det=346	H Det=467	Mon Det=30641	Aux Det=4443	O+H=5256	 DONE
07/10/2025 16:10:40:	move motor	S18.axis2.phaseshifter 1 to 2.491530deg	 DONE
07/10/2025 16:10:41:	55	count	time	10.000000s/cts	O Det=247	H Det=307	Mon Det=30379	Aux Det=4570	O+H=5124	 DONE
07/10/2025 16:10:53:	move motor	S18.axis2.phaseshifter 1 to 2.593225deg	 DONE
07/10/2025 16:10:55:	56	count	time	10.000000s/cts	O Det=326	H Det=384	Mon Det=30405	Aux Det=4541	O+H=5251	 DONE
07/10/2025 16:11:06:	move motor	S18.axis2.phaseshifter 1 to 2.694920deg	 DONE
07/10/2025 16:11:08:	57	count	time	10.000000s/cts	O Det=522	H Det=542	Mon Det=30585	Aux Det=3974	O+H=5038	 DONE
07/10/2025 16:11:19:	move motor	S18.axis2.phaseshifter 1 to 2.796615deg	 DONE
07/10/2025 16:11:21:	58	count	time	10.000000s/cts	O Det=899	H Det=901	Mon Det=30466	Aux Det=3070	O+H=4870	 DONE
07/10/2025 16:11:33:	move motor	S18.axis2.phaseshifter 1 to 2.898310deg	 DONE
07/10/2025 16:11:34:	59	count	time	10.000000s/cts	O Det=1106	H Det=1146	Mon Det=30404	Aux Det=2267	O+H=4519	 DONE
07/10/2025 16:11:46:	move motor	S18.axis2.phaseshifter 1 to 3.000005deg	 DONE
07/10/2025 16:11:47:	60	count	time	10.000000s/cts	O Det=1284	H Det=1292	Mon Det=30500	Aux Det=1783	O+H=4359	 DONE
07/10/2025 16:11:59:	close file and end scan	 DONE
call of ifg1_newPS_6p10s_B3.sc DONE
07/10/2025 16:12:00:	move motor	S18.axis2.Aperture Z to 11.00000mm	reached 11.00000  DONE
07/10/2025 16:12:03:	move motor	S18.axis2.Aperture Y to 15.00000mm	reached 15.00000  DONE
07/10/2025 16:12:08:	move motor	S18.axis2.phaseshifter 1 to -3.100000deg	 DONE
07/10/2025 16:12:11:	create file	D:\data\Cycle 198\exp_3-16-19\rawdata\sc\Aperture_scan_ifg1_newPS_B3_6p10s_07Oct1612.dat	 DONE
room to enter remarks DONE
07/10/2025 16:12:12:	move motor	S18.axis2.phaseshifter 1 to -3.000000deg	 DONE
07/10/2025 16:12:14:	1	count	time	10.000000s/cts	O Det=919	H Det=836	Mon Det=30360	Aux Det=2254	O+H=4009	 DONE
07/10/2025 16:12:25:	move motor	S18.axis2.phaseshifter 1 to -2.898305deg	 DONE
07/10/2025 16:12:27:	2	count	time	10.000000s/cts	O Det=718	H Det=685	Mon Det=30258	Aux Det=2833	O+H=4236	 DONE
07/10/2025 16:12:39:	move motor	S18.axis2.phaseshifter 1 to -2.796610deg	 DONE
07/10/2025 16:12:40:	3	count	time	10.000000s/cts	O Det=406	H Det=468	Mon Det=30545	Aux Det=3740	O+H=4614	 DONE
07/10/2025 16:12:52:	move motor	S18.axis2.phaseshifter 1 to -2.694915deg	 DONE
07/10/2025 16:12:53:	4	count	time	10.000000s/cts	O Det=258	H Det=255	Mon Det=29990	Aux Det=4373	O+H=4886	 DONE
07/10/2025 16:13:05:	move motor	S18.axis2.phaseshifter 1 to -2.593220deg	 DONE
07/10/2025 16:13:07:	5	count	time	10.000000s/cts	O Det=206	H Det=230	Mon Det=30221	Aux Det=4505	O+H=4941	 DONE
07/10/2025 16:13:18:	move motor	S18.axis2.phaseshifter 1 to -2.491525deg	 DONE
07/10/2025 16:13:20:	6	count	time	10.000000s/cts	O Det=346	H Det=356	Mon Det=30398	Aux Det=4209	O+H=4911	 DONE
07/10/2025 16:13:31:	move motor	S18.axis2.phaseshifter 1 to -2.389830deg	 DONE
07/10/2025 16:13:33:	7	count	time	10.000000s/cts	O Det=612	H Det=548	Mon Det=30415	Aux Det=3337	O+H=4497	 DONE
07/10/2025 16:13:45:	move motor	S18.axis2.phaseshifter 1 to -2.288135deg	 DONE
07/10/2025 16:13:46:	8	count	time	10.000000s/cts	O Det=875	H Det=784	Mon Det=30303	Aux Det=2455	O+H=4114	 DONE
07/10/2025 16:13:58:	move motor	S18.axis2.phaseshifter 1 to -2.186440deg	 DONE
07/10/2025 16:13:59:	9	count	time	10.000000s/cts	O Det=1033	H Det=992	Mon Det=30159	Aux Det=1929	O+H=3954	 DONE
07/10/2025 16:14:11:	move motor	S18.axis2.phaseshifter 1 to -2.084745deg	 DONE
07/10/2025 16:14:13:	10	count	time	10.000000s/cts	O Det=1173	H Det=1007	Mon Det=30014	Aux Det=1593	O+H=3773	 DONE
07/10/2025 16:14:24:	move motor	S18.axis2.phaseshifter 1 to -1.983050deg	 DONE
07/10/2025 16:14:26:	11	count	time	10.000000s/cts	O Det=1017	H Det=1008	Mon Det=30220	Aux Det=2091	O+H=4116	 DONE
07/10/2025 16:14:37:	move motor	S18.axis2.phaseshifter 1 to -1.881355deg	 DONE
07/10/2025 16:14:39:	12	count	time	10.000000s/cts	O Det=719	H Det=756	Mon Det=30438	Aux Det=2780	O+H=4255	 DONE
07/10/2025 16:14:51:	move motor	S18.axis2.phaseshifter 1 to -1.779660deg	 DONE
07/10/2025 16:14:52:	13	count	time	10.000000s/cts	O Det=411	H Det=455	Mon Det=29993	Aux Det=3738	O+H=4604	 DONE
07/10/2025 16:15:04:	move motor	S18.axis2.phaseshifter 1 to -1.677965deg	 DONE
07/10/2025 16:15:05:	14	count	time	10.000000s/cts	O Det=242	H Det=260	Mon Det=30470	Aux Det=4265	O+H=4767	 DONE
07/10/2025 16:15:17:	move motor	S18.axis2.phaseshifter 1 to -1.576270deg	 DONE
07/10/2025 16:15:19:	15	count	time	10.000000s/cts	O Det=210	H Det=221	Mon Det=30271	Aux Det=4511	O+H=4942	 DONE
07/10/2025 16:15:30:	move motor	S18.axis2.phaseshifter 1 to -1.474575deg	 DONE
07/10/2025 16:15:32:	16	count	time	10.000000s/cts	O Det=302	H Det=343	Mon Det=30304	Aux Det=4101	O+H=4746	 DONE
07/10/2025 16:15:43:	move motor	S18.axis2.phaseshifter 1 to -1.372880deg	 DONE
07/10/2025 16:15:45:	17	count	time	10.000000s/cts	O Det=610	H Det=548	Mon Det=30552	Aux Det=3264	O+H=4422	 DONE
07/10/2025 16:15:57:	move motor	S18.axis2.phaseshifter 1 to -1.271185deg	 DONE
07/10/2025 16:15:58:	18	count	time	10.000000s/cts	O Det=809	H Det=786	Mon Det=30235	Aux Det=2572	O+H=4167	 DONE
07/10/2025 16:16:10:	move motor	S18.axis2.phaseshifter 1 to -1.169490deg	 DONE
07/10/2025 16:16:12:	19	count	time	10.000000s/cts	O Det=1093	H Det=1071	Mon Det=30449	Aux Det=1918	O+H=4082	 DONE
07/10/2025 16:16:23:	move motor	S18.axis2.phaseshifter 1 to -1.067795deg	 DONE
07/10/2025 16:16:25:	20	count	time	10.000000s/cts	O Det=1100	H Det=1065	Mon Det=30166	Aux Det=1653	O+H=3818	 DONE
07/10/2025 16:16:36:	move motor	S18.axis2.phaseshifter 1 to -0.966100deg	 DONE
07/10/2025 16:16:38:	21	count	time	10.000000s/cts	O Det=992	H Det=1010	Mon Det=30296	Aux Det=2087	O+H=4089	 DONE
07/10/2025 16:16:50:	move motor	S18.axis2.phaseshifter 1 to -0.864405deg	 DONE
07/10/2025 16:16:51:	22	count	time	10.000000s/cts	O Det=759	H Det=775	Mon Det=30492	Aux Det=2560	O+H=4094	 DONE
07/10/2025 16:17:03:	move motor	S18.axis2.phaseshifter 1 to -0.762710deg	 DONE
07/10/2025 16:17:04:	23	count	time	10.000000s/cts	O Det=456	H Det=503	Mon Det=30314	Aux Det=3582	O+H=4541	 DONE
07/10/2025 16:17:16:	move motor	S18.axis2.phaseshifter 1 to -0.661015deg	 DONE
07/10/2025 16:17:18:	24	count	time	10.000000s/cts	O Det=257	H Det=293	Mon Det=30749	Aux Det=4280	O+H=4830	 DONE
07/10/2025 16:17:29:	move motor	S18.axis2.phaseshifter 1 to -0.559320deg	 DONE
07/10/2025 16:17:31:	25	count	time	10.000000s/cts	O Det=176	H Det=215	Mon Det=29898	Aux Det=4542	O+H=4933	 DONE
07/10/2025 16:17:42:	move motor	S18.axis2.phaseshifter 1 to -0.457625deg	 DONE
07/10/2025 16:17:44:	26	count	time	10.000000s/cts	O Det=309	H Det=349	Mon Det=30333	Aux Det=4028	O+H=4686	 DONE
07/10/2025 16:17:56:	move motor	S18.axis2.phaseshifter 1 to -0.355930deg	 DONE
07/10/2025 16:17:57:	27	count	time	10.000000s/cts	O Det=548	H Det=493	Mon Det=30201	Aux Det=3449	O+H=4490	 DONE
07/10/2025 16:18:09:	move motor	S18.axis2.phaseshifter 1 to -0.254235deg	 DONE
07/10/2025 16:18:10:	28	count	time	10.000000s/cts	O Det=849	H Det=764	Mon Det=30428	Aux Det=2682	O+H=4295	 DONE
07/10/2025 16:18:22:	move motor	S18.axis2.phaseshifter 1 to -0.152540deg	 DONE
07/10/2025 16:18:24:	29	count	time	10.000000s/cts	O Det=1062	H Det=973	Mon Det=30754	Aux Det=1957	O+H=3992	 DONE
07/10/2025 16:18:35:	move motor	S18.axis2.phaseshifter 1 to -0.050845deg	 DONE
07/10/2025 16:18:37:	30	count	time	10.000000s/cts	O Det=1144	H Det=1038	Mon Det=30531	Aux Det=1654	O+H=3836	 DONE
07/10/2025 16:18:48:	move motor	S18.axis2.phaseshifter 1 to 0.050850deg	 DONE
07/10/2025 16:18:50:	31	count	time	10.000000s/cts	O Det=995	H Det=970	Mon Det=30342	Aux Det=1900	O+H=3865	 DONE
07/10/2025 16:19:02:	move motor	S18.axis2.phaseshifter 1 to 0.152545deg	 DONE
07/10/2025 16:19:03:	32	count	time	10.000000s/cts	O Det=843	H Det=764	Mon Det=30802	Aux Det=2570	O+H=4177	 DONE
07/10/2025 16:19:15:	move motor	S18.axis2.phaseshifter 1 to 0.254240deg	 DONE
07/10/2025 16:19:16:	33	count	time	10.000000s/cts	O Det=530	H Det=604	Mon Det=30465	Aux Det=3318	O+H=4452	 DONE
07/10/2025 16:19:28:	move motor	S18.axis2.phaseshifter 1 to 0.355935deg	 DONE
07/10/2025 16:19:30:	34	count	time	10.000000s/cts	O Det=291	H Det=400	Mon Det=30463	Aux Det=4068	O+H=4759	 DONE
07/10/2025 16:19:41:	move motor	S18.axis2.phaseshifter 1 to 0.457630deg	 DONE
07/10/2025 16:19:43:	35	count	time	10.000000s/cts	O Det=187	H Det=216	Mon Det=30289	Aux Det=4570	O+H=4973	 DONE
07/10/2025 16:19:54:	move motor	S18.axis2.phaseshifter 1 to 0.559325deg	 DONE
07/10/2025 16:19:56:	36	count	time	10.000000s/cts	O Det=252	H Det=245	Mon Det=30494	Aux Det=4351	O+H=4848	 DONE
07/10/2025 16:20:08:	move motor	S18.axis2.phaseshifter 1 to 0.661020deg	 DONE
07/10/2025 16:20:09:	37	count	time	10.000000s/cts	O Det=459	H Det=444	Mon Det=30280	Aux Det=3713	O+H=4616	 DONE
07/10/2025 16:20:21:	move motor	S18.axis2.phaseshifter 1 to 0.762715deg	 DONE
07/10/2025 16:20:22:	38	count	time	10.000000s/cts	O Det=770	H Det=697	Mon Det=30139	Aux Det=2799	O+H=4266	 DONE
07/10/2025 16:20:34:	move motor	S18.axis2.phaseshifter 1 to 0.864410deg	 DONE
07/10/2025 16:20:36:	39	count	time	10.000000s/cts	O Det=899	H Det=859	Mon Det=30628	Aux Det=2376	O+H=4134	 DONE
07/10/2025 16:20:47:	move motor	S18.axis2.phaseshifter 1 to 0.966105deg	 DONE
07/10/2025 16:20:49:	40	count	time	10.000000s/cts	O Det=1082	H Det=1042	Mon Det=30236	Aux Det=1961	O+H=4085	 DONE
07/10/2025 16:21:00:	move motor	S18.axis2.phaseshifter 1 to 1.067800deg	 DONE
07/10/2025 16:21:02:	41	count	time	10.000000s/cts	O Det=1047	H Det=1009	Mon Det=30284	Aux Det=1982	O+H=4038	 DONE
07/10/2025 16:21:14:	move motor	S18.axis2.phaseshifter 1 to 1.169495deg	 DONE
07/10/2025 16:21:15:	42	count	time	10.000000s/cts	O Det=918	H Det=856	Mon Det=30471	Aux Det=2214	O+H=3988	 DONE
07/10/2025 16:21:27:	move motor	S18.axis2.phaseshifter 1 to 1.271190deg	 DONE
07/10/2025 16:21:28:	43	count	time	10.000000s/cts	O Det=585	H Det=609	Mon Det=30144	Aux Det=3195	O+H=4389	 DONE
07/10/2025 16:21:40:	move motor	S18.axis2.phaseshifter 1 to 1.372885deg	 DONE
07/10/2025 16:21:42:	44	count	time	10.000000s/cts	O Det=390	H Det=389	Mon Det=30296	Aux Det=4069	O+H=4848	 DONE
07/10/2025 16:21:53:	move motor	S18.axis2.phaseshifter 1 to 1.474580deg	 DONE
07/10/2025 16:21:55:	45	count	time	10.000000s/cts	O Det=196	H Det=233	Mon Det=30515	Aux Det=4478	O+H=4907	 DONE
07/10/2025 16:22:06:	move motor	S18.axis2.phaseshifter 1 to 1.576275deg	 DONE
07/10/2025 16:22:08:	46	count	time	10.000000s/cts	O Det=233	H Det=247	Mon Det=30424	Aux Det=4325	O+H=4805	 DONE
07/10/2025 16:22:20:	move motor	S18.axis2.phaseshifter 1 to 1.677970deg	 DONE
07/10/2025 16:22:21:	47	count	time	10.000000s/cts	O Det=446	H Det=419	Mon Det=30310	Aux Det=3791	O+H=4656	 DONE
07/10/2025 16:22:33:	move motor	S18.axis2.phaseshifter 1 to 1.779665deg	 DONE
07/10/2025 16:22:34:	48	count	time	10.000000s/cts	O Det=657	H Det=608	Mon Det=30493	Aux Det=3067	O+H=4332	 DONE
07/10/2025 16:22:46:	move motor	S18.axis2.phaseshifter 1 to 1.881360deg	 DONE
07/10/2025 16:22:48:	49	count	time	10.000000s/cts	O Det=948	H Det=829	Mon Det=30416	Aux Det=2276	O+H=4053	 DONE
07/10/2025 16:22:59:	move motor	S18.axis2.phaseshifter 1 to 1.983055deg	 DONE
07/10/2025 16:23:01:	50	count	time	10.000000s/cts	O Det=1015	H Det=1066	Mon Det=30637	Aux Det=1741	O+H=3822	 DONE
07/10/2025 16:23:12:	move motor	S18.axis2.phaseshifter 1 to 2.084750deg	 DONE
07/10/2025 16:23:14:	51	count	time	10.000000s/cts	O Det=986	H Det=936	Mon Det=30217	Aux Det=2045	O+H=3967	 DONE
07/10/2025 16:23:26:	move motor	S18.axis2.phaseshifter 1 to 2.186445deg	 DONE
07/10/2025 16:23:27:	52	count	time	10.000000s/cts	O Det=857	H Det=835	Mon Det=30455	Aux Det=2372	O+H=4064	 DONE
07/10/2025 16:23:39:	move motor	S18.axis2.phaseshifter 1 to 2.288140deg	 DONE
07/10/2025 16:23:40:	53	count	time	10.000000s/cts	O Det=599	H Det=626	Mon Det=30246	Aux Det=3211	O+H=4436	 DONE
07/10/2025 16:23:52:	move motor	S18.axis2.phaseshifter 1 to 2.389835deg	 DONE
07/10/2025 16:23:54:	54	count	time	10.000000s/cts	O Det=393	H Det=433	Mon Det=30268	Aux Det=4022	O+H=4848	 DONE
07/10/2025 16:24:05:	move motor	S18.axis2.phaseshifter 1 to 2.491530deg	 DONE
07/10/2025 16:24:07:	55	count	time	10.000000s/cts	O Det=242	H Det=255	Mon Det=30521	Aux Det=4409	O+H=4906	 DONE
07/10/2025 16:24:18:	move motor	S18.axis2.phaseshifter 1 to 2.593225deg	 DONE
07/10/2025 16:24:20:	56	count	time	10.000000s/cts	O Det=221	H Det=273	Mon Det=30320	Aux Det=4352	O+H=4846	 DONE
07/10/2025 16:24:32:	move motor	S18.axis2.phaseshifter 1 to 2.694920deg	 DONE
07/10/2025 16:24:33:	57	count	time	10.000000s/cts	O Det=392	H Det=395	Mon Det=30422	Aux Det=3999	O+H=4786	 DONE
07/10/2025 16:24:45:	move motor	S18.axis2.phaseshifter 1 to 2.796615deg	 DONE
07/10/2025 16:24:46:	58	count	time	10.000000s/cts	O Det=710	H Det=626	Mon Det=30352	Aux Det=3118	O+H=4454	 DONE
07/10/2025 16:24:58:	move motor	S18.axis2.phaseshifter 1 to 2.898310deg	 DONE
07/10/2025 16:25:00:	59	count	time	10.000000s/cts	O Det=932	H Det=879	Mon Det=30209	Aux Det=2391	O+H=4202	 DONE
07/10/2025 16:25:11:	move motor	S18.axis2.phaseshifter 1 to 3.000005deg	 DONE
07/10/2025 16:25:13:	60	count	time	10.000000s/cts	O Det=1045	H Det=1077	Mon Det=30463	Aux Det=1915	O+H=4037	 DONE
07/10/2025 16:25:24:	close file and end scan	 DONE
call of ifg1_newPS_6p10s_B3.sc DONE
07/10/2025 16:25:25:	move motor	S18.axis2.Aperture Y to 16.50000mm	reached 16.50000  DONE
07/10/2025 16:25:29:	move motor	S18.axis2.phaseshifter 1 to -3.100000deg	 DONE
07/10/2025 16:25:32:	create file	D:\data\Cycle 198\exp_3-16-19\rawdata\sc\Aperture_scan_ifg1_newPS_B3_6p10s_07Oct1625.dat	 DONE
room to enter remarks DONE
07/10/2025 16:25:34:	move motor	S18.axis2.phaseshifter 1 to -3.000000deg	 DONE
07/10/2025 16:25:35:	1	count	time	10.000000s/cts	O Det=1087	H Det=1155	Mon Det=30408	Aux Det=2387	O+H=4629	 DONE
07/10/2025 16:25:47:	move motor	S18.axis2.phaseshifter 1 to -2.898305deg	 DONE
07/10/2025 16:25:48:	2	count	time	10.000000s/cts	O Det=784	H Det=904	Mon Det=30525	Aux Det=3228	O+H=4916	 DONE
07/10/2025 16:26:00:	move motor	S18.axis2.phaseshifter 1 to -2.796610deg	 DONE
07/10/2025 16:26:02:	3	count	time	10.000000s/cts	O Det=548	H Det=555	Mon Det=30422	Aux Det=4245	O+H=5348	 DONE
07/10/2025 16:26:13:	move motor	S18.axis2.phaseshifter 1 to -2.694915deg	 DONE
07/10/2025 16:26:15:	4	count	time	10.000000s/cts	O Det=265	H Det=365	Mon Det=30786	Aux Det=4916	O+H=5546	 DONE
07/10/2025 16:26:26:	move motor	S18.axis2.phaseshifter 1 to -2.593220deg	 DONE
07/10/2025 16:26:28:	5	count	time	10.000000s/cts	O Det=267	H Det=330	Mon Det=30263	Aux Det=5025	O+H=5622	 DONE
07/10/2025 16:26:40:	move motor	S18.axis2.phaseshifter 1 to -2.491525deg	 DONE
07/10/2025 16:26:41:	6	count	time	10.000000s/cts	O Det=398	H Det=426	Mon Det=30466	Aux Det=4771	O+H=5595	 DONE
07/10/2025 16:26:53:	move motor	S18.axis2.phaseshifter 1 to -2.389830deg	 DONE
07/10/2025 16:26:54:	7	count	time	10.000000s/cts	O Det=633	H Det=653	Mon Det=30568	Aux Det=3974	O+H=5260	 DONE
07/10/2025 16:27:06:	move motor	S18.axis2.phaseshifter 1 to -2.288135deg	 DONE
07/10/2025 16:27:08:	8	count	time	10.000000s/cts	O Det=993	H Det=966	Mon Det=30221	Aux Det=2876	O+H=4835	 DONE
07/10/2025 16:27:19:	move motor	S18.axis2.phaseshifter 1 to -2.186440deg	 DONE
07/10/2025 16:27:21:	9	count	time	10.000000s/cts	O Det=1202	H Det=1200	Mon Det=30360	Aux Det=2156	O+H=4558	 DONE
07/10/2025 16:27:32:	move motor	S18.axis2.phaseshifter 1 to -2.084745deg	 DONE
07/10/2025 16:27:34:	10	count	time	10.000000s/cts	O Det=1232	H Det=1349	Mon Det=30336	Aux Det=1815	O+H=4396	 DONE
07/10/2025 16:27:46:	move motor	S18.axis2.phaseshifter 1 to -1.983050deg	 DONE
07/10/2025 16:27:47:	11	count	time	10.000000s/cts	O Det=1149	H Det=1122	Mon Det=30176	Aux Det=2288	O+H=4559	 DONE
07/10/2025 16:27:59:	move motor	S18.axis2.phaseshifter 1 to -1.881355deg	 DONE
07/10/2025 16:28:00:	12	count	time	10.000000s/cts	O Det=819	H Det=939	Mon Det=30482	Aux Det=3221	O+H=4979	 DONE
07/10/2025 16:28:12:	move motor	S18.axis2.phaseshifter 1 to -1.779660deg	 DONE
07/10/2025 16:28:14:	13	count	time	10.000000s/cts	O Det=549	H Det=586	Mon Det=30771	Aux Det=4225	O+H=5360	 DONE
07/10/2025 16:28:25:	move motor	S18.axis2.phaseshifter 1 to -1.677965deg	 DONE
07/10/2025 16:28:27:	14	count	time	10.000000s/cts	O Det=312	H Det=404	Mon Det=30363	Aux Det=4816	O+H=5532	 DONE
07/10/2025 16:28:38:	move motor	S18.axis2.phaseshifter 1 to -1.576270deg	 DONE
07/10/2025 16:28:40:	15	count	time	10.000000s/cts	O Det=238	H Det=276	Mon Det=30592	Aux Det=5054	O+H=5568	 DONE
07/10/2025 16:28:52:	move motor	S18.axis2.phaseshifter 1 to -1.474575deg	 DONE
07/10/2025 16:28:53:	16	count	time	10.000000s/cts	O Det=375	H Det=375	Mon Det=30331	Aux Det=4837	O+H=5587	 DONE
07/10/2025 16:29:05:	move motor	S18.axis2.phaseshifter 1 to -1.372880deg	 DONE
07/10/2025 16:29:06:	17	count	time	10.000000s/cts	O Det=649	H Det=649	Mon Det=30308	Aux Det=4010	O+H=5308	 DONE
07/10/2025 16:29:18:	move motor	S18.axis2.phaseshifter 1 to -1.271185deg	 DONE
07/10/2025 16:29:20:	18	count	time	10.000000s/cts	O Det=1008	H Det=1025	Mon Det=30265	Aux Det=2773	O+H=4806	 DONE
07/10/2025 16:29:31:	move motor	S18.axis2.phaseshifter 1 to -1.169490deg	 DONE
07/10/2025 16:29:33:	19	count	time	10.000000s/cts	O Det=1211	H Det=1249	Mon Det=30534	Aux Det=2147	O+H=4607	 DONE
07/10/2025 16:29:44:	move motor	S18.axis2.phaseshifter 1 to -1.067795deg	 DONE
07/10/2025 16:29:46:	20	count	time	10.000000s/cts	O Det=1301	H Det=1293	Mon Det=30241	Aux Det=1872	O+H=4466	 DONE
07/10/2025 16:29:58:	move motor	S18.axis2.phaseshifter 1 to -0.966100deg	 DONE
07/10/2025 16:29:59:	21	count	time	10.000000s/cts	O Det=1193	H Det=1203	Mon Det=30274	Aux Det=2201	O+H=4597	 DONE
07/10/2025 16:30:11:	move motor	S18.axis2.phaseshifter 1 to -0.864405deg	 DONE
07/10/2025 16:30:12:	22	count	time	10.000000s/cts	O Det=889	H Det=953	Mon Det=30358	Aux Det=3029	O+H=4871	 DONE
07/10/2025 16:30:24:	move motor	S18.axis2.phaseshifter 1 to -0.762710deg	 DONE
07/10/2025 16:30:26:	23	count	time	10.000000s/cts	O Det=576	H Det=626	Mon Det=30469	Aux Det=3908	O+H=5110	 DONE
07/10/2025 16:30:37:	move motor	S18.axis2.phaseshifter 1 to -0.661015deg	 DONE
07/10/2025 16:30:39:	24	count	time	10.000000s/cts	O Det=338	H Det=389	Mon Det=30406	Aux Det=4762	O+H=5489	 DONE
07/10/2025 16:30:50:	move motor	S18.axis2.phaseshifter 1 to -0.559320deg	 DONE
07/10/2025 16:30:52:	25	count	time	10.000000s/cts	O Det=249	H Det=288	Mon Det=30344	Aux Det=5195	O+H=5732	 DONE
07/10/2025 16:31:04:	move motor	S18.axis2.phaseshifter 1 to -0.457625deg	 DONE
07/10/2025 16:31:05:	26	count	time	10.000000s/cts	O Det=346	H Det=424	Mon Det=30455	Aux Det=4803	O+H=5573	 DONE
07/10/2025 16:31:17:	move motor	S18.axis2.phaseshifter 1 to -0.355930deg	 DONE
07/10/2025 16:31:18:	27	count	time	10.000000s/cts	O Det=677	H Det=629	Mon Det=30584	Aux Det=4040	O+H=5346	 DONE
07/10/2025 16:31:30:	move motor	S18.axis2.phaseshifter 1 to -0.254235deg	 DONE
07/10/2025 16:31:32:	28	count	time	10.000000s/cts	O Det=911	H Det=916	Mon Det=30494	Aux Det=3086	O+H=4913	 DONE
07/10/2025 16:31:43:	move motor	S18.axis2.phaseshifter 1 to -0.152540deg	 DONE
07/10/2025 16:31:45:	29	count	time	10.000000s/cts	O Det=1148	H Det=1122	Mon Det=30242	Aux Det=2221	O+H=4491	 DONE
07/10/2025 16:31:56:	move motor	S18.axis2.phaseshifter 1 to -0.050845deg	 DONE
07/10/2025 16:31:58:	30	count	time	10.000000s/cts	O Det=1302	H Det=1237	Mon Det=30485	Aux Det=1933	O+H=4472	 DONE
07/10/2025 16:32:10:	move motor	S18.axis2.phaseshifter 1 to 0.050850deg	 DONE
07/10/2025 16:32:11:	31	count	time	10.000000s/cts	O Det=1040	H Det=1079	Mon Det=30368	Aux Det=2527	O+H=4646	 DONE
07/10/2025 16:32:23:	move motor	S18.axis2.phaseshifter 1 to 0.152545deg	 DONE
07/10/2025 16:32:24:	32	count	time	10.000000s/cts	O Det=984	H Det=1031	Mon Det=30362	Aux Det=2911	O+H=4926	 DONE
07/10/2025 16:32:36:	move motor	S18.axis2.phaseshifter 1 to 0.254240deg	 DONE
07/10/2025 16:32:38:	33	count	time	10.000000s/cts	O Det=710	H Det=708	Mon Det=30320	Aux Det=3718	O+H=5136	 DONE
07/10/2025 16:32:49:	move motor	S18.axis2.phaseshifter 1 to 0.355935deg	 DONE
07/10/2025 16:32:51:	34	count	time	10.000000s/cts	O Det=392	H Det=401	Mon Det=30290	Aux Det=4719	O+H=5512	 DONE
07/10/2025 16:33:02:	move motor	S18.axis2.phaseshifter 1 to 0.457630deg	 DONE
07/10/2025 16:33:04:	35	count	time	10.000000s/cts	O Det=222	H Det=342	Mon Det=30509	Aux Det=5107	O+H=5671	 DONE
07/10/2025 16:33:16:	move motor	S18.axis2.phaseshifter 1 to 0.559325deg	 DONE
07/10/2025 16:33:17:	36	count	time	10.000000s/cts	O Det=330	H Det=360	Mon Det=30579	Aux Det=4989	O+H=5679	 DONE
07/10/2025 16:33:29:	move motor	S18.axis2.phaseshifter 1 to 0.661020deg	 DONE
07/10/2025 16:33:30:	37	count	time	10.000000s/cts	O Det=576	H Det=561	Mon Det=30656	Aux Det=4259	O+H=5396	 DONE
07/10/2025 16:33:42:	move motor	S18.axis2.phaseshifter 1 to 0.762715deg	 DONE
07/10/2025 16:33:44:	38	count	time	10.000000s/cts	O Det=930	H Det=863	Mon Det=30539	Aux Det=3185	O+H=4978	 DONE
07/10/2025 16:33:55:	move motor	S18.axis2.phaseshifter 1 to 0.864410deg	 DONE
07/10/2025 16:33:57:	39	count	time	10.000000s/cts	O Det=1144	H Det=1127	Mon Det=30218	Aux Det=2295	O+H=4566	 DONE
07/10/2025 16:34:09:	move motor	S18.axis2.phaseshifter 1 to 0.966105deg	 DONE
07/10/2025 16:34:10:	40	count	time	10.000000s/cts	O Det=1247	H Det=1293	Mon Det=30204	Aux Det=1953	O+H=4493	 DONE
07/10/2025 16:34:22:	move motor	S18.axis2.phaseshifter 1 to 1.067800deg	 DONE
07/10/2025 16:34:23:	41	count	time	10.000000s/cts	O Det=1249	H Det=1328	Mon Det=30670	Aux Det=2074	O+H=4651	 DONE
07/10/2025 16:34:35:	move motor	S18.axis2.phaseshifter 1 to 1.169495deg	 DONE
07/10/2025 16:34:37:	42	count	time	10.000000s/cts	O Det=983	H Det=1032	Mon Det=30574	Aux Det=2747	O+H=4762	 DONE
07/10/2025 16:34:48:	move motor	S18.axis2.phaseshifter 1 to 1.271190deg	 DONE
07/10/2025 16:34:50:	43	count	time	10.000000s/cts	O Det=680	H Det=706	Mon Det=30221	Aux Det=3835	O+H=5221	 DONE
07/10/2025 16:35:01:	move motor	S18.axis2.phaseshifter 1 to 1.372885deg	 DONE
07/10/2025 16:35:03:	44	count	time	10.000000s/cts	O Det=388	H Det=482	Mon Det=30361	Aux Det=4595	O+H=5465	 DONE
07/10/2025 16:35:15:	move motor	S18.axis2.phaseshifter 1 to 1.474580deg	 DONE
07/10/2025 16:35:16:	45	count	time	10.000000s/cts	O Det=264	H Det=283	Mon Det=30322	Aux Det=5032	O+H=5579	 DONE
07/10/2025 16:35:28:	move motor	S18.axis2.phaseshifter 1 to 1.576275deg	 DONE
07/10/2025 16:35:29:	46	count	time	10.000000s/cts	O Det=297	H Det=327	Mon Det=30300	Aux Det=4817	O+H=5441	 DONE
07/10/2025 16:35:41:	move motor	S18.axis2.phaseshifter 1 to 1.677970deg	 DONE
07/10/2025 16:35:43:	47	count	time	10.000000s/cts	O Det=513	H Det=529	Mon Det=30159	Aux Det=4311	O+H=5353	 DONE
07/10/2025 16:35:54:	move motor	S18.axis2.phaseshifter 1 to 1.779665deg	 DONE
07/10/2025 16:35:56:	48	count	time	10.000000s/cts	O Det=872	H Det=801	Mon Det=30507	Aux Det=3441	O+H=5114	 DONE
07/10/2025 16:36:07:	move motor	S18.axis2.phaseshifter 1 to 1.881360deg	 DONE
07/10/2025 16:36:09:	49	count	time	10.000000s/cts	O Det=1121	H Det=1119	Mon Det=30414	Aux Det=2517	O+H=4757	 DONE
07/10/2025 16:36:21:	move motor	S18.axis2.phaseshifter 1 to 1.983055deg	 DONE
07/10/2025 16:36:22:	50	count	time	10.000000s/cts	O Det=1248	H Det=1220	Mon Det=30072	Aux Det=2004	O+H=4472	 DONE
07/10/2025 16:36:34:	move motor	S18.axis2.phaseshifter 1 to 2.084750deg	 DONE
07/10/2025 16:36:35:	51	count	time	10.000000s/cts	O Det=1260	H Det=1169	Mon Det=30526	Aux Det=2011	O+H=4440	 DONE
07/10/2025 16:36:47:	move motor	S18.axis2.phaseshifter 1 to 2.186445deg	 DONE
07/10/2025 16:36:49:	52	count	time	10.000000s/cts	O Det=1017	H Det=1081	Mon Det=30151	Aux Det=2877	O+H=4975	 DONE
07/10/2025 16:37:00:	move motor	S18.axis2.phaseshifter 1 to 2.288140deg	 DONE
07/10/2025 16:37:02:	53	count	time	10.000000s/cts	O Det=801	H Det=727	Mon Det=30284	Aux Det=3555	O+H=5083	 DONE
07/10/2025 16:37:13:	move motor	S18.axis2.phaseshifter 1 to 2.389835deg	 DONE
07/10/2025 16:37:15:	54	count	time	10.000000s/cts	O Det=421	H Det=479	Mon Det=30267	Aux Det=4594	O+H=5494	 DONE
07/10/2025 16:37:27:	move motor	S18.axis2.phaseshifter 1 to 2.491530deg	 DONE
07/10/2025 16:37:28:	55	count	time	10.000000s/cts	O Det=284	H Det=326	Mon Det=30250	Aux Det=5046	O+H=5656	 DONE
07/10/2025 16:37:40:	move motor	S18.axis2.phaseshifter 1 to 2.593225deg	 DONE
07/10/2025 16:37:41:	56	count	time	10.000000s/cts	O Det=283	H Det=342	Mon Det=30240	Aux Det=4840	O+H=5465	 DONE
07/10/2025 16:37:53:	move motor	S18.axis2.phaseshifter 1 to 2.694920deg	 DONE
07/10/2025 16:37:55:	57	count	time	10.000000s/cts	O Det=476	H Det=495	Mon Det=30050	Aux Det=4435	O+H=5406	 DONE
07/10/2025 16:38:06:	move motor	S18.axis2.phaseshifter 1 to 2.796615deg	 DONE
07/10/2025 16:38:08:	58	count	time	10.000000s/cts	O Det=805	H Det=791	Mon Det=30301	Aux Det=3577	O+H=5173	 DONE
07/10/2025 16:38:19:	move motor	S18.axis2.phaseshifter 1 to 2.898310deg	 DONE
07/10/2025 16:38:21:	59	count	time	10.000000s/cts	O Det=1108	H Det=1103	Mon Det=30282	Aux Det=2630	O+H=4841	 DONE
07/10/2025 16:38:33:	move motor	S18.axis2.phaseshifter 1 to 3.000005deg	 DONE
07/10/2025 16:38:34:	60	count	time	10.000000s/cts	O Det=1243	H Det=1208	Mon Det=30278	Aux Det=2071	O+H=4522	 DONE
07/10/2025 16:38:46:	close file and end scan	 DONE
call of ifg1_newPS_6p10s_B3.sc DONE
07/10/2025 16:38:47:	move motor	S18.axis2.Aperture Y to 18.00000mm	reached 18.00000  DONE
07/10/2025 16:38:50:	move motor	S18.axis2.phaseshifter 1 to -3.100000deg	 DONE
07/10/2025 16:38:54:	create file	D:\data\Cycle 198\exp_3-16-19\rawdata\sc\Aperture_scan_ifg1_newPS_B3_6p10s_07Oct1638.dat	 DONE
room to enter remarks DONE
07/10/2025 16:38:55:	move motor	S18.axis2.phaseshifter 1 to -3.000000deg	 DONE
07/10/2025 16:38:56:	1	count	time	10.000000s/cts	O Det=1107	H Det=1107	Mon Det=30366	Aux Det=2343	O+H=4557	 DONE
07/10/2025 16:39:08:	move motor	S18.axis2.phaseshifter 1 to -2.898305deg	 DONE
07/10/2025 16:39:10:	2	count	time	10.000000s/cts	O Det=776	H Det=794	Mon Det=30499	Aux Det=3177	O+H=4747	 DONE
07/10/2025 16:39:21:	move motor	S18.axis2.phaseshifter 1 to -2.796610deg	 DONE
07/10/2025 16:39:23:	3	count	time	10.000000s/cts	O Det=479	H Det=543	Mon Det=30492	Aux Det=3994	O+H=5016	 DONE
07/10/2025 16:39:34:	move motor	S18.axis2.phaseshifter 1 to -2.694915deg	 DONE
07/10/2025 16:39:36:	4	count	time	10.000000s/cts	O Det=213	H Det=310	Mon Det=30323	Aux Det=4674	O+H=5197	 DONE
07/10/2025 16:39:48:	move motor	S18.axis2.phaseshifter 1 to -2.593220deg	 DONE
07/10/2025 16:39:49:	5	count	time	10.000000s/cts	O Det=252	H Det=278	Mon Det=30366	Aux Det=4898	O+H=5428	 DONE
07/10/2025 16:40:01:	move motor	S18.axis2.phaseshifter 1 to -2.491525deg	 DONE
07/10/2025 16:40:02:	6	count	time	10.000000s/cts	O Det=376	H Det=433	Mon Det=30128	Aux Det=4238	O+H=5047	 DONE
07/10/2025 16:40:14:	move motor	S18.axis2.phaseshifter 1 to -2.389830deg	 DONE
07/10/2025 16:40:16:	7	count	time	10.000000s/cts	O Det=689	H Det=723	Mon Det=30501	Aux Det=3535	O+H=4947	 DONE
07/10/2025 16:40:27:	move motor	S18.axis2.phaseshifter 1 to -2.288135deg	 DONE
07/10/2025 16:40:29:	8	count	time	10.000000s/cts	O Det=1110	H Det=1062	Mon Det=30429	Aux Det=2465	O+H=4637	 DONE
07/10/2025 16:40:40:	move motor	S18.axis2.phaseshifter 1 to -2.186440deg	 DONE
07/10/2025 16:40:42:	9	count	time	10.000000s/cts	O Det=1342	H Det=1224	Mon Det=30544	Aux Det=1902	O+H=4468	 DONE
07/10/2025 16:40:54:	move motor	S18.axis2.phaseshifter 1 to -2.084745deg	 DONE
07/10/2025 16:40:55:	10	count	time	10.000000s/cts	O Det=1312	H Det=1287	Mon Det=30434	Aux Det=1739	O+H=4338	 DONE
07/10/2025 16:41:07:	move motor	S18.axis2.phaseshifter 1 to -1.983050deg	 DONE
07/10/2025 16:41:08:	11	count	time	10.000000s/cts	O Det=1095	H Det=1086	Mon Det=30676	Aux Det=2297	O+H=4478	 DONE
07/10/2025 16:41:20:	move motor	S18.axis2.phaseshifter 1 to -1.881355deg	 DONE
07/10/2025 16:41:22:	12	count	time	10.000000s/cts	O Det=803	H Det=821	Mon Det=30705	Aux Det=3192	O+H=4816	 DONE
07/10/2025 16:41:33:	move motor	S18.axis2.phaseshifter 1 to -1.779660deg	 DONE
07/10/2025 16:41:35:	13	count	time	10.000000s/cts	O Det=491	H Det=530	Mon Det=30568	Aux Det=4014	O+H=5035	 DONE
07/10/2025 16:41:46:	move motor	S18.axis2.phaseshifter 1 to -1.677965deg	 DONE
07/10/2025 16:41:48:	14	count	time	10.000000s/cts	O Det=241	H Det=327	Mon Det=30695	Aux Det=4825	O+H=5393	 DONE
07/10/2025 16:42:00:	move motor	S18.axis2.phaseshifter 1 to -1.576270deg	 DONE
07/10/2025 16:42:01:	15	count	time	10.000000s/cts	O Det=194	H Det=296	Mon Det=30480	Aux Det=4825	O+H=5315	 DONE
07/10/2025 16:42:13:	move motor	S18.axis2.phaseshifter 1 to -1.474575deg	 DONE
07/10/2025 16:42:14:	16	count	time	10.000000s/cts	O Det=387	H Det=406	Mon Det=30857	Aux Det=4355	O+H=5148	 DONE
07/10/2025 16:42:26:	move motor	S18.axis2.phaseshifter 1 to -1.372880deg	 DONE
07/10/2025 16:42:27:	17	count	time	10.000000s/cts	O Det=658	H Det=730	Mon Det=30506	Aux Det=3546	O+H=4934	 DONE
07/10/2025 16:42:39:	move motor	S18.axis2.phaseshifter 1 to -1.271185deg	 DONE
07/10/2025 16:42:41:	18	count	time	10.000000s/cts	O Det=1026	H Det=1021	Mon Det=30414	Aux Det=2690	O+H=4737	 DONE
07/10/2025 16:42:52:	move motor	S18.axis2.phaseshifter 1 to -1.169490deg	 DONE
07/10/2025 16:42:54:	19	count	time	10.000000s/cts	O Det=1304	H Det=1232	Mon Det=30622	Aux Det=1964	O+H=4500	 DONE
07/10/2025 16:43:06:	move motor	S18.axis2.phaseshifter 1 to -1.067795deg	 DONE
07/10/2025 16:43:07:	20	count	time	10.000000s/cts	O Det=1312	H Det=1304	Mon Det=30538	Aux Det=1750	O+H=4366	 DONE
07/10/2025 16:43:19:	move motor	S18.axis2.phaseshifter 1 to -0.966100deg	 DONE
07/10/2025 16:43:20:	21	count	time	10.000000s/cts	O Det=1201	H Det=1116	Mon Det=30842	Aux Det=2152	O+H=4469	 DONE
07/10/2025 16:43:32:	move motor	S18.axis2.phaseshifter 1 to -0.864405deg	 DONE
07/10/2025 16:43:34:	22	count	time	10.000000s/cts	O Det=839	H Det=895	Mon Det=30244	Aux Det=2939	O+H=4673	 DONE
07/10/2025 16:43:45:	move motor	S18.axis2.phaseshifter 1 to -0.762710deg	 DONE
07/10/2025 16:43:47:	23	count	time	10.000000s/cts	O Det=493	H Det=554	Mon Det=30731	Aux Det=3959	O+H=5006	 DONE
07/10/2025 16:43:58:	move motor	S18.axis2.phaseshifter 1 to -0.661015deg	 DONE
07/10/2025 16:44:00:	24	count	time	10.000000s/cts	O Det=247	H Det=347	Mon Det=30531	Aux Det=4623	O+H=5217	 DONE
07/10/2025 16:44:12:	move motor	S18.axis2.phaseshifter 1 to -0.559320deg	 DONE
07/10/2025 16:44:13:	25	count	time	10.000000s/cts	O Det=223	H Det=263	Mon Det=30606	Aux Det=4787	O+H=5273	 DONE
07/10/2025 16:44:25:	move motor	S18.axis2.phaseshifter 1 to -0.457625deg	 DONE
07/10/2025 16:44:26:	26	count	time	10.000000s/cts	O Det=364	H Det=400	Mon Det=30571	Aux Det=4539	O+H=5303	 DONE
07/10/2025 16:44:38:	move motor	S18.axis2.phaseshifter 1 to -0.355930deg	 DONE
07/10/2025 16:44:40:	27	count	time	10.000000s/cts	O Det=701	H Det=686	Mon Det=30331	Aux Det=3592	O+H=4979	 DONE
07/10/2025 16:44:51:	move motor	S18.axis2.phaseshifter 1 to -0.254235deg	 DONE
07/10/2025 16:44:53:	28	count	time	10.000000s/cts	O Det=996	H Det=1009	Mon Det=30631	Aux Det=2714	O+H=4719	 DONE
07/10/2025 16:45:05:	move motor	S18.axis2.phaseshifter 1 to -0.152540deg	 DONE
07/10/2025 16:45:06:	29	count	time	10.000000s/cts	O Det=1216	H Det=1173	Mon Det=30687	Aux Det=1892	O+H=4281	 DONE
07/10/2025 16:45:18:	move motor	S18.axis2.phaseshifter 1 to -0.050845deg	 DONE
07/10/2025 16:45:19:	30	count	time	10.000000s/cts	O Det=1246	H Det=1333	Mon Det=30519	Aux Det=1766	O+H=4345	 DONE
07/10/2025 16:45:31:	move motor	S18.axis2.phaseshifter 1 to 0.050850deg	 DONE
07/10/2025 16:45:32:	31	count	time	10.000000s/cts	O Det=1207	H Det=1201	Mon Det=30541	Aux Det=2141	O+H=4549	 DONE
07/10/2025 16:45:44:	move motor	S18.axis2.phaseshifter 1 to 0.152545deg	 DONE
07/10/2025 16:45:46:	32	count	time	10.000000s/cts	O Det=884	H Det=940	Mon Det=30746	Aux Det=2761	O+H=4585	 DONE
07/10/2025 16:45:57:	move motor	S18.axis2.phaseshifter 1 to 0.254240deg	 DONE
07/10/2025 16:45:59:	33	count	time	10.000000s/cts	O Det=614	H Det=590	Mon Det=30409	Aux Det=3851	O+H=5055	 DONE
07/10/2025 16:46:11:	move motor	S18.axis2.phaseshifter 1 to 0.355935deg	 DONE
07/10/2025 16:46:12:	34	count	time	10.000000s/cts	O Det=316	H Det=349	Mon Det=30618	Aux Det=4500	O+H=5165	 DONE
07/10/2025 16:46:24:	move motor	S18.axis2.phaseshifter 1 to 0.457630deg	 DONE
07/10/2025 16:46:25:	35	count	time	10.000000s/cts	O Det=207	H Det=302	Mon Det=30644	Aux Det=4697	O+H=5206	 DONE
07/10/2025 16:46:37:	move motor	S18.axis2.phaseshifter 1 to 0.559325deg	 DONE
07/10/2025 16:46:39:	36	count	time	10.000000s/cts	O Det=306	H Det=353	Mon Det=30275	Aux Det=4551	O+H=5210	 DONE
07/10/2025 16:46:50:	move motor	S18.axis2.phaseshifter 1 to 0.661020deg	 DONE
07/10/2025 16:46:52:	37	count	time	10.000000s/cts	O Det=543	H Det=581	Mon Det=30680	Aux Det=3954	O+H=5078	 DONE
07/10/2025 16:47:03:	move motor	S18.axis2.phaseshifter 1 to 0.762715deg	 DONE
07/10/2025 16:47:05:	38	count	time	10.000000s/cts	O Det=920	H Det=935	Mon Det=30347	Aux Det=2953	O+H=4808	 DONE
07/10/2025 16:47:17:	move motor	S18.axis2.phaseshifter 1 to 0.864410deg	 DONE
07/10/2025 16:47:18:	39	count	time	10.000000s/cts	O Det=1212	H Det=1154	Mon Det=30445	Aux Det=2091	O+H=4457	 DONE
07/10/2025 16:47:30:	move motor	S18.axis2.phaseshifter 1 to 0.966105deg	 DONE
07/10/2025 16:47:31:	40	count	time	10.000000s/cts	O Det=1307	H Det=1327	Mon Det=30758	Aux Det=1754	O+H=4388	 DONE
07/10/2025 16:47:43:	move motor	S18.axis2.phaseshifter 1 to 1.067800deg	 DONE
07/10/2025 16:47:44:	41	count	time	10.000000s/cts	O Det=1209	H Det=1128	Mon Det=30224	Aux Det=1975	O+H=4312	 DONE
07/10/2025 16:47:56:	move motor	S18.axis2.phaseshifter 1 to 1.169495deg	 DONE
07/10/2025 16:47:58:	42	count	time	10.000000s/cts	O Det=948	H Det=952	Mon Det=30614	Aux Det=2667	O+H=4567	 DONE
07/10/2025 16:48:09:	move motor	S18.axis2.phaseshifter 1 to 1.271190deg	 DONE
07/10/2025 16:48:11:	43	count	time	10.000000s/cts	O Det=573	H Det=676	Mon Det=30265	Aux Det=3629	O+H=4878	 DONE
07/10/2025 16:48:23:	move motor	S18.axis2.phaseshifter 1 to 1.372885deg	 DONE
07/10/2025 16:48:24:	44	count	time	10.000000s/cts	O Det=328	H Det=423	Mon Det=30530	Aux Det=4214	O+H=4965	 DONE
07/10/2025 16:48:36:	move motor	S18.axis2.phaseshifter 1 to 1.474580deg	 DONE
07/10/2025 16:48:37:	45	count	time	10.000000s/cts	O Det=213	H Det=273	Mon Det=30469	Aux Det=4633	O+H=5119	 DONE
07/10/2025 16:48:49:	move motor	S18.axis2.phaseshifter 1 to 1.576275deg	 DONE
07/10/2025 16:48:50:	46	count	time	10.000000s/cts	O Det=300	H Det=351	Mon Det=30669	Aux Det=4440	O+H=5091	 DONE
07/10/2025 16:49:02:	move motor	S18.axis2.phaseshifter 1 to 1.677970deg	 DONE
07/10/2025 16:49:04:	47	count	time	10.000000s/cts	O Det=584	H Det=566	Mon Det=30622	Aux Det=3945	O+H=5095	 DONE
07/10/2025 16:49:15:	move motor	S18.axis2.phaseshifter 1 to 1.779665deg	 DONE
07/10/2025 16:49:17:	48	count	time	10.000000s/cts	O Det=878	H Det=875	Mon Det=30522	Aux Det=3062	O+H=4815	 DONE
07/10/2025 16:49:29:	move motor	S18.axis2.phaseshifter 1 to 1.881360deg	 DONE
07/10/2025 16:49:30:	49	count	time	10.000000s/cts	O Det=1184	H Det=1107	Mon Det=30506	Aux Det=2322	O+H=4613	 DONE
07/10/2025 16:49:42:	move motor	S18.axis2.phaseshifter 1 to 1.983055deg	 DONE
07/10/2025 16:49:43:	50	count	time	10.000000s/cts	O Det=1346	H Det=1283	Mon Det=30416	Aux Det=1762	O+H=4391	 DONE
07/10/2025 16:49:55:	move motor	S18.axis2.phaseshifter 1 to 2.084750deg	 DONE
07/10/2025 16:49:56:	51	count	time	10.000000s/cts	O Det=1249	H Det=1250	Mon Det=30505	Aux Det=2031	O+H=4530	 DONE
07/10/2025 16:50:08:	move motor	S18.axis2.phaseshifter 1 to 2.186445deg	 DONE
07/10/2025 16:50:10:	52	count	time	10.000000s/cts	O Det=954	H Det=1001	Mon Det=30616	Aux Det=2636	O+H=4591	 DONE
07/10/2025 16:50:21:	move motor	S18.axis2.phaseshifter 1 to 2.288140deg	 DONE
07/10/2025 16:50:23:	53	count	time	10.000000s/cts	O Det=607	H Det=725	Mon Det=30720	Aux Det=3583	O+H=4915	 DONE
07/10/2025 16:50:35:	move motor	S18.axis2.phaseshifter 1 to 2.389835deg	 DONE
07/10/2025 16:50:36:	54	count	time	10.000000s/cts	O Det=362	H Det=398	Mon Det=30471	Aux Det=4252	O+H=5012	 DONE
07/10/2025 16:50:48:	move motor	S18.axis2.phaseshifter 1 to 2.491530deg	 DONE
07/10/2025 16:50:49:	55	count	time	10.000000s/cts	O Det=211	H Det=304	Mon Det=30301	Aux Det=4930	O+H=5445	 DONE
07/10/2025 16:51:01:	move motor	S18.axis2.phaseshifter 1 to 2.593225deg	 DONE
07/10/2025 16:51:02:	56	count	time	10.000000s/cts	O Det=315	H Det=317	Mon Det=30475	Aux Det=4715	O+H=5347	 DONE
07/10/2025 16:51:14:	move motor	S18.axis2.phaseshifter 1 to 2.694920deg	 DONE
07/10/2025 16:51:16:	57	count	time	10.000000s/cts	O Det=507	H Det=550	Mon Det=30580	Aux Det=3893	O+H=4950	 DONE
07/10/2025 16:51:27:	move motor	S18.axis2.phaseshifter 1 to 2.796615deg	 DONE
07/10/2025 16:51:29:	58	count	time	10.000000s/cts	O Det=855	H Det=844	Mon Det=30449	Aux Det=3131	O+H=4830	 DONE
07/10/2025 16:51:41:	move motor	S18.axis2.phaseshifter 1 to 2.898310deg	 DONE
07/10/2025 16:51:42:	59	count	time	10.000000s/cts	O Det=1139	H Det=1102	Mon Det=30551	Aux Det=2240	O+H=4481	 DONE
07/10/2025 16:51:54:	move motor	S18.axis2.phaseshifter 1 to 3.000005deg	 DONE
07/10/2025 16:51:55:	60	count	time	10.000000s/cts	O Det=1288	H Det=1241	Mon Det=30567	Aux Det=1900	O+H=4429	 DONE
07/10/2025 16:52:07:	close file and end scan	 DONE
call of ifg1_newPS_6p10s_B3.sc DONE
07/10/2025 16:52:08:	move motor	S18.axis2.Aperture Z to 12.50000mm	reached 12.50000  DONE
07/10/2025 16:52:11:	move motor	S18.axis2.Aperture Y to 15.00000mm	reached 15.00000  DONE
07/10/2025 16:52:15:	move motor	S18.axis2.phaseshifter 1 to -3.100000deg	 DONE
07/10/2025 16:52:19:	create file	D:\data\Cycle 198\exp_3-16-19\rawdata\sc\Aperture_scan_ifg1_newPS_B3_6p10s_07Oct1652.dat	 DONE
room to enter remarks DONE
07/10/2025 16:52:20:	move motor	S18.axis2.phaseshifter 1 to -3.000000deg	 DONE
07/10/2025 16:52:22:	1	count	time	10.000000s/cts	O Det=982	H Det=905	Mon Det=30390	Aux Det=2032	O+H=3919	 DONE
07/10/2025 16:52:33:	move motor	S18.axis2.phaseshifter 1 to -2.898305deg	 DONE
07/10/2025 16:52:35:	2	count	time	10.000000s/cts	O Det=745	H Det=708	Mon Det=30446	Aux Det=2969	O+H=4422	 DONE
07/10/2025 16:52:46:	move motor	S18.axis2.phaseshifter 1 to -2.796610deg	 DONE
07/10/2025 16:52:48:	3	count	time	10.000000s/cts	O Det=500	H Det=403	Mon Det=30223	Aux Det=3699	O+H=4602	 DONE
07/10/2025 16:53:00:	move motor	S18.axis2.phaseshifter 1 to -2.694915deg	 DONE
07/10/2025 16:53:01:	4	count	time	10.000000s/cts	O Det=245	H Det=244	Mon Det=30093	Aux Det=4364	O+H=4853	 DONE
07/10/2025 16:53:13:	move motor	S18.axis2.phaseshifter 1 to -2.593220deg	 DONE
07/10/2025 16:53:14:	5	count	time	10.000000s/cts	O Det=216	H Det=185	Mon Det=30026	Aux Det=4318	O+H=4719	 DONE
07/10/2025 16:53:26:	move motor	S18.axis2.phaseshifter 1 to -2.491525deg	 DONE
07/10/2025 16:53:28:	6	count	time	10.000000s/cts	O Det=336	H Det=313	Mon Det=30532	Aux Det=4026	O+H=4675	 DONE
07/10/2025 16:53:39:	move motor	S18.axis2.phaseshifter 1 to -2.389830deg	 DONE
07/10/2025 16:53:41:	7	count	time	10.000000s/cts	O Det=591	H Det=521	Mon Det=30201	Aux Det=3400	O+H=4512	 DONE
07/10/2025 16:53:52:	move motor	S18.axis2.phaseshifter 1 to -2.288135deg	 DONE
07/10/2025 16:53:54:	8	count	time	10.000000s/cts	O Det=920	H Det=757	Mon Det=30243	Aux Det=2565	O+H=4242	 DONE
07/10/2025 16:54:06:	move motor	S18.axis2.phaseshifter 1 to -2.186440deg	 DONE
07/10/2025 16:54:07:	9	count	time	10.000000s/cts	O Det=1032	H Det=954	Mon Det=30525	Aux Det=1842	O+H=3828	 DONE
07/10/2025 16:54:19:	move motor	S18.axis2.phaseshifter 1 to -2.084745deg	 DONE
07/10/2025 16:54:20:	10	count	time	10.000000s/cts	O Det=1114	H Det=1050	Mon Det=30556	Aux Det=1701	O+H=3865	 DONE
07/10/2025 16:54:32:	move motor	S18.axis2.phaseshifter 1 to -1.983050deg	 DONE
07/10/2025 16:54:33:	11	count	time	10.000000s/cts	O Det=1009	H Det=908	Mon Det=30372	Aux Det=2033	O+H=3950	 DONE
07/10/2025 16:54:45:	move motor	S18.axis2.phaseshifter 1 to -1.881355deg	 DONE
07/10/2025 16:54:47:	12	count	time	10.000000s/cts	O Det=720	H Det=739	Mon Det=30440	Aux Det=2758	O+H=4217	 DONE
07/10/2025 16:54:58:	move motor	S18.axis2.phaseshifter 1 to -1.779660deg	 DONE
07/10/2025 16:55:00:	13	count	time	10.000000s/cts	O Det=459	H Det=455	Mon Det=30030	Aux Det=3552	O+H=4466	 DONE
07/10/2025 16:55:12:	move motor	S18.axis2.phaseshifter 1 to -1.677965deg	 DONE
07/10/2025 16:55:13:	14	count	time	10.000000s/cts	O Det=302	H Det=314	Mon Det=30280	Aux Det=4226	O+H=4842	 DONE
07/10/2025 16:55:25:	move motor	S18.axis2.phaseshifter 1 to -1.576270deg	 DONE
07/10/2025 16:55:26:	15	count	time	10.000000s/cts	O Det=213	H Det=228	Mon Det=30734	Aux Det=4433	O+H=4874	 DONE
07/10/2025 16:55:38:	move motor	S18.axis2.phaseshifter 1 to -1.474575deg	 DONE
07/10/2025 16:55:40:	16	count	time	10.000000s/cts	O Det=297	H Det=281	Mon Det=30301	Aux Det=4143	O+H=4721	 DONE
07/10/2025 16:55:51:	move motor	S18.axis2.phaseshifter 1 to -1.372880deg	 DONE
07/10/2025 16:55:53:	17	count	time	10.000000s/cts	O Det=561	H Det=535	Mon Det=30399	Aux Det=3430	O+H=4526	 DONE
07/10/2025 16:56:04:	move motor	S18.axis2.phaseshifter 1 to -1.271185deg	 DONE
07/10/2025 16:56:06:	18	count	time	10.000000s/cts	O Det=808	H Det=737	Mon Det=30429	Aux Det=2598	O+H=4143	 DONE
07/10/2025 16:56:18:	move motor	S18.axis2.phaseshifter 1 to -1.169490deg	 DONE
07/10/2025 16:56:19:	19	count	time	10.000000s/cts	O Det=1047	H Det=883	Mon Det=30430	Aux Det=1996	O+H=3926	 DONE
07/10/2025 16:56:31:	move motor	S18.axis2.phaseshifter 1 to -1.067795deg	 DONE
07/10/2025 16:56:32:	20	count	time	10.000000s/cts	O Det=1116	H Det=987	Mon Det=30772	Aux Det=1719	O+H=3822	 DONE
07/10/2025 16:56:44:	move motor	S18.axis2.phaseshifter 1 to -0.966100deg	 DONE
07/10/2025 16:56:46:	21	count	time	10.000000s/cts	O Det=997	H Det=867	Mon Det=30388	Aux Det=2002	O+H=3866	 DONE
07/10/2025 16:56:57:	move motor	S18.axis2.phaseshifter 1 to -0.864405deg	 DONE
07/10/2025 16:56:59:	22	count	time	10.000000s/cts	O Det=835	H Det=823	Mon Det=30179	Aux Det=2598	O+H=4256	 DONE
07/10/2025 16:57:10:	move motor	S18.axis2.phaseshifter 1 to -0.762710deg	 DONE
07/10/2025 16:57:12:	23	count	time	10.000000s/cts	O Det=547	H Det=505	Mon Det=30266	Aux Det=3536	O+H=4588	 DONE
07/10/2025 16:57:24:	move motor	S18.axis2.phaseshifter 1 to -0.661015deg	 DONE
07/10/2025 16:57:25:	24	count	time	10.000000s/cts	O Det=304	H Det=285	Mon Det=30376	Aux Det=4149	O+H=4738	 DONE
07/10/2025 16:57:37:	move motor	S18.axis2.phaseshifter 1 to -0.559320deg	 DONE
07/10/2025 16:57:38:	25	count	time	10.000000s/cts	O Det=228	H Det=231	Mon Det=30283	Aux Det=4385	O+H=4844	 DONE
07/10/2025 16:57:50:	move motor	S18.axis2.phaseshifter 1 to -0.457625deg	 DONE
07/10/2025 16:57:51:	26	count	time	10.000000s/cts	O Det=299	H Det=271	Mon Det=30657	Aux Det=4212	O+H=4782	 DONE
07/10/2025 16:58:03:	move motor	S18.axis2.phaseshifter 1 to -0.355930deg	 DONE
07/10/2025 16:58:05:	27	count	time	10.000000s/cts	O Det=514	H Det=447	Mon Det=30497	Aux Det=3459	O+H=4420	 DONE
07/10/2025 16:58:16:	move motor	S18.axis2.phaseshifter 1 to -0.254235deg	 DONE
07/10/2025 16:58:18:	28	count	time	10.000000s/cts	O Det=772	H Det=670	Mon Det=30606	Aux Det=2762	O+H=4204	 DONE
07/10/2025 16:58:30:	move motor	S18.axis2.phaseshifter 1 to -0.152540deg	 DONE
07/10/2025 16:58:31:	29	count	time	10.000000s/cts	O Det=1029	H Det=939	Mon Det=30258	Aux Det=2052	O+H=4020	 DONE
07/10/2025 16:58:43:	move motor	S18.axis2.phaseshifter 1 to -0.050845deg	 DONE
07/10/2025 16:58:44:	30	count	time	10.000000s/cts	O Det=1125	H Det=1016	Mon Det=30661	Aux Det=1648	O+H=3789	 DONE
07/10/2025 16:58:56:	move motor	S18.axis2.phaseshifter 1 to 0.050850deg	 DONE
07/10/2025 16:58:57:	31	count	time	10.000000s/cts	O Det=1007	H Det=922	Mon Det=30285	Aux Det=1963	O+H=3892	 DONE
07/10/2025 16:59:09:	move motor	S18.axis2.phaseshifter 1 to 0.152545deg	 DONE
07/10/2025 16:59:11:	32	count	time	10.000000s/cts	O Det=862	H Det=742	Mon Det=30486	Aux Det=2418	O+H=4022	 DONE
07/10/2025 16:59:22:	move motor	S18.axis2.phaseshifter 1 to 0.254240deg	 DONE
07/10/2025 16:59:24:	33	count	time	10.000000s/cts	O Det=643	H Det=559	Mon Det=30363	Aux Det=3159	O+H=4361	 DONE
07/10/2025 16:59:36:	move motor	S18.axis2.phaseshifter 1 to 0.355935deg	 DONE
07/10/2025 16:59:37:	34	count	time	10.000000s/cts	O Det=348	H Det=342	Mon Det=30459	Aux Det=3884	O+H=4574	 DONE
07/10/2025 16:59:49:	move motor	S18.axis2.phaseshifter 1 to 0.457630deg	 DONE
07/10/2025 16:59:50:	35	count	time	10.000000s/cts	O Det=226	H Det=237	Mon Det=30541	Aux Det=4257	O+H=4720	 DONE
07/10/2025 17:00:02:	move motor	S18.axis2.phaseshifter 1 to 0.559325deg	 DONE
07/10/2025 17:00:03:	36	count	time	10.000000s/cts	O Det=233	H Det=271	Mon Det=30418	Aux Det=4234	O+H=4738	 DONE
07/10/2025 17:00:15:	move motor	S18.axis2.phaseshifter 1 to 0.661020deg	 DONE
07/10/2025 17:00:17:	37	count	time	10.000000s/cts	O Det=461	H Det=415	Mon Det=30558	Aux Det=3744	O+H=4620	 DONE
07/10/2025 17:00:28:	move motor	S18.axis2.phaseshifter 1 to 0.762715deg	 DONE
07/10/2025 17:00:30:	38	count	time	10.000000s/cts	O Det=791	H Det=657	Mon Det=30538	Aux Det=2876	O+H=4324	 DONE
07/10/2025 17:00:42:	move motor	S18.axis2.phaseshifter 1 to 0.864410deg	 DONE
07/10/2025 17:00:43:	39	count	time	10.000000s/cts	O Det=1009	H Det=905	Mon Det=30371	Aux Det=2096	O+H=4010	 DONE
07/10/2025 17:00:55:	move motor	S18.axis2.phaseshifter 1 to 0.966105deg	 DONE
07/10/2025 17:00:56:	40	count	time	10.000000s/cts	O Det=1178	H Det=958	Mon Det=30475	Aux Det=1853	O+H=3989	 DONE
07/10/2025 17:01:08:	move motor	S18.axis2.phaseshifter 1 to 1.067800deg	 DONE
07/10/2025 17:01:09:	41	count	time	10.000000s/cts	O Det=1143	H Det=939	Mon Det=30183	Aux Det=1827	O+H=3909	 DONE
07/10/2025 17:01:21:	move motor	S18.axis2.phaseshifter 1 to 1.169495deg	 DONE
07/10/2025 17:01:23:	42	count	time	10.000000s/cts	O Det=899	H Det=894	Mon Det=30312	Aux Det=2199	O+H=3992	 DONE
07/10/2025 17:01:34:	move motor	S18.axis2.phaseshifter 1 to 1.271190deg	 DONE
07/10/2025 17:01:36:	43	count	time	10.000000s/cts	O Det=642	H Det=608	Mon Det=30625	Aux Det=3070	O+H=4320	 DONE
07/10/2025 17:01:48:	move motor	S18.axis2.phaseshifter 1 to 1.372885deg	 DONE
07/10/2025 17:01:49:	44	count	time	10.000000s/cts	O Det=397	H Det=393	Mon Det=30403	Aux Det=3823	O+H=4613	 DONE
07/10/2025 17:02:01:	move motor	S18.axis2.phaseshifter 1 to 1.474580deg	 DONE
07/10/2025 17:02:02:	45	count	time	10.000000s/cts	O Det=234	H Det=245	Mon Det=30690	Aux Det=4213	O+H=4692	 DONE
07/10/2025 17:02:14:	move motor	S18.axis2.phaseshifter 1 to 1.576275deg	 DONE
07/10/2025 17:02:15:	46	count	time	10.000000s/cts	O Det=217	H Det=248	Mon Det=30357	Aux Det=4296	O+H=4761	 DONE
07/10/2025 17:02:27:	move motor	S18.axis2.phaseshifter 1 to 1.677970deg	 DONE
07/10/2025 17:02:29:	47	count	time	10.000000s/cts	O Det=394	H Det=391	Mon Det=30506	Aux Det=3735	O+H=4520	 DONE
07/10/2025 17:02:40:	move motor	S18.axis2.phaseshifter 1 to 1.779665deg	 DONE
07/10/2025 17:02:42:	48	count	time	10.000000s/cts	O Det=732	H Det=644	Mon Det=30404	Aux Det=2990	O+H=4366	 DONE
07/10/2025 17:02:54:	move motor	S18.axis2.phaseshifter 1 to 1.881360deg	 DONE
07/10/2025 17:02:55:	49	count	time	10.000000s/cts	O Det=941	H Det=863	Mon Det=30551	Aux Det=2344	O+H=4148	 DONE
07/10/2025 17:03:07:	move motor	S18.axis2.phaseshifter 1 to 1.983055deg	 DONE
07/10/2025 17:03:08:	50	count	time	10.000000s/cts	O Det=1068	H Det=947	Mon Det=30633	Aux Det=1814	O+H=3829	 DONE
07/10/2025 17:03:20:	move motor	S18.axis2.phaseshifter 1 to 2.084750deg	 DONE
07/10/2025 17:03:21:	51	count	time	10.000000s/cts	O Det=1095	H Det=1016	Mon Det=30181	Aux Det=1712	O+H=3823	 DONE
07/10/2025 17:03:33:	move motor	S18.axis2.phaseshifter 1 to 2.186445deg	 DONE
07/10/2025 17:03:35:	52	count	time	10.000000s/cts	O Det=949	H Det=840	Mon Det=30186	Aux Det=2224	O+H=4013	 DONE
07/10/2025 17:03:46:	move motor	S18.axis2.phaseshifter 1 to 2.288140deg	 DONE
07/10/2025 17:03:48:	53	count	time	10.000000s/cts	O Det=678	H Det=603	Mon Det=30454	Aux Det=2959	O+H=4240	 DONE
07/10/2025 17:04:00:	move motor	S18.axis2.phaseshifter 1 to 2.389835deg	 DONE
07/10/2025 17:04:01:	54	count	time	10.000000s/cts	O Det=417	H Det=439	Mon Det=30372	Aux Det=3685	O+H=4541	 DONE
07/10/2025 17:04:13:	move motor	S18.axis2.phaseshifter 1 to 2.491530deg	 DONE
07/10/2025 17:04:14:	55	count	time	10.000000s/cts	O Det=248	H Det=271	Mon Det=30548	Aux Det=4287	O+H=4806	 DONE
07/10/2025 17:04:26:	move motor	S18.axis2.phaseshifter 1 to 2.593225deg	 DONE
07/10/2025 17:04:28:	56	count	time	10.000000s/cts	O Det=269	H Det=251	Mon Det=30640	Aux Det=4348	O+H=4868	 DONE
07/10/2025 17:04:39:	move motor	S18.axis2.phaseshifter 1 to 2.694920deg	 DONE
07/10/2025 17:04:41:	57	count	time	10.000000s/cts	O Det=378	H Det=355	Mon Det=30275	Aux Det=3954	O+H=4687	 DONE
07/10/2025 17:04:53:	move motor	S18.axis2.phaseshifter 1 to 2.796615deg	 DONE
07/10/2025 17:04:54:	58	count	time	10.000000s/cts	O Det=672	H Det=593	Mon Det=30521	Aux Det=3061	O+H=4326	 DONE
07/10/2025 17:05:06:	move motor	S18.axis2.phaseshifter 1 to 2.898310deg	 DONE
07/10/2025 17:05:07:	59	count	time	10.000000s/cts	O Det=958	H Det=830	Mon Det=30101	Aux Det=2443	O+H=4231	 DONE
07/10/2025 17:05:19:	move motor	S18.axis2.phaseshifter 1 to 3.000005deg	 DONE
07/10/2025 17:05:20:	60	count	time	10.000000s/cts	O Det=1073	H Det=939	Mon Det=30231	Aux Det=1889	O+H=3901	 DONE
07/10/2025 17:05:32:	close file and end scan	 DONE
call of ifg1_newPS_6p10s_B3.sc DONE
07/10/2025 17:05:33:	move motor	S18.axis2.Aperture Y to 16.50000mm	reached 16.50000  DONE
07/10/2025 17:05:37:	move motor	S18.axis2.phaseshifter 1 to -3.100000deg	 DONE
07/10/2025 17:05:40:	create file	D:\data\Cycle 198\exp_3-16-19\rawdata\sc\Aperture_scan_ifg1_newPS_B3_6p10s_07Oct1705.dat	 DONE
room to enter remarks DONE
07/10/2025 17:05:41:	move motor	S18.axis2.phaseshifter 1 to -3.000000deg	 DONE
07/10/2025 17:05:43:	1	count	time	10.000000s/cts	O Det=1188	H Det=1110	Mon Det=30113	Aux Det=2308	O+H=4606	 DONE
07/10/2025 17:05:55:	move motor	S18.axis2.phaseshifter 1 to -2.898305deg	 DONE
07/10/2025 17:05:56:	2	count	time	10.000000s/cts	O Det=910	H Det=851	Mon Det=30272	Aux Det=3124	O+H=4885	 DONE
07/10/2025 17:06:08:	move motor	S18.axis2.phaseshifter 1 to -2.796610deg	 DONE
07/10/2025 17:06:09:	3	count	time	10.000000s/cts	O Det=598	H Det=683	Mon Det=30653	Aux Det=3919	O+H=5200	 DONE
07/10/2025 17:06:21:	move motor	S18.axis2.phaseshifter 1 to -2.694915deg	 DONE
07/10/2025 17:06:22:	4	count	time	10.000000s/cts	O Det=349	H Det=421	Mon Det=30564	Aux Det=4831	O+H=5601	 DONE
07/10/2025 17:06:34:	move motor	S18.axis2.phaseshifter 1 to -2.593220deg	 DONE
07/10/2025 17:06:36:	5	count	time	10.000000s/cts	O Det=264	H Det=271	Mon Det=30047	Aux Det=5262	O+H=5797	 DONE
07/10/2025 17:06:47:	move motor	S18.axis2.phaseshifter 1 to -2.491525deg	 DONE
07/10/2025 17:06:49:	6	count	time	10.000000s/cts	O Det=336	H Det=373	Mon Det=30237	Aux Det=4940	O+H=5649	 DONE
07/10/2025 17:07:01:	move motor	S18.axis2.phaseshifter 1 to -2.389830deg	 DONE
07/10/2025 17:07:02:	7	count	time	10.000000s/cts	O Det=600	H Det=616	Mon Det=30381	Aux Det=4071	O+H=5287	 DONE
07/10/2025 17:07:14:	move motor	S18.axis2.phaseshifter 1 to -2.288135deg	 DONE
07/10/2025 17:07:15:	8	count	time	10.000000s/cts	O Det=907	H Det=896	Mon Det=30371	Aux Det=3197	O+H=5000	 DONE
07/10/2025 17:07:27:	move motor	S18.axis2.phaseshifter 1 to -2.186440deg	 DONE
07/10/2025 17:07:29:	9	count	time	10.000000s/cts	O Det=1200	H Det=1265	Mon Det=30260	Aux Det=2289	O+H=4754	 DONE
07/10/2025 17:07:40:	move motor	S18.axis2.phaseshifter 1 to -2.084745deg	 DONE
07/10/2025 17:07:42:	10	count	time	10.000000s/cts	O Det=1326	H Det=1326	Mon Det=29958	Aux Det=1949	O+H=4601	 DONE
07/10/2025 17:07:54:	move motor	S18.axis2.phaseshifter 1 to -1.983050deg	 DONE
07/10/2025 17:07:55:	11	count	time	10.000000s/cts	O Det=1221	H Det=1245	Mon Det=30333	Aux Det=2329	O+H=4795	 DONE
07/10/2025 17:08:07:	move motor	S18.axis2.phaseshifter 1 to -1.881355deg	 DONE
07/10/2025 17:08:08:	12	count	time	10.000000s/cts	O Det=953	H Det=924	Mon Det=30427	Aux Det=3068	O+H=4945	 DONE
07/10/2025 17:08:20:	move motor	S18.axis2.phaseshifter 1 to -1.779660deg	 DONE
07/10/2025 17:08:21:	13	count	time	10.000000s/cts	O Det=679	H Det=705	Mon Det=30660	Aux Det=4118	O+H=5502	 DONE
07/10/2025 17:08:33:	move motor	S18.axis2.phaseshifter 1 to -1.677965deg	 DONE
07/10/2025 17:08:35:	14	count	time	10.000000s/cts	O Det=368	H Det=434	Mon Det=30453	Aux Det=4937	O+H=5739	 DONE
07/10/2025 17:08:46:	move motor	S18.axis2.phaseshifter 1 to -1.576270deg	 DONE
07/10/2025 17:08:48:	15	count	time	10.000000s/cts	O Det=302	H Det=282	Mon Det=30248	Aux Det=4975	O+H=5559	 DONE
07/10/2025 17:09:00:	move motor	S18.axis2.phaseshifter 1 to -1.474575deg	 DONE
07/10/2025 17:09:01:	16	count	time	10.000000s/cts	O Det=366	H Det=375	Mon Det=30405	Aux Det=4872	O+H=5613	 DONE
07/10/2025 17:09:13:	move motor	S18.axis2.phaseshifter 1 to -1.372880deg	 DONE
07/10/2025 17:09:14:	17	count	time	10.000000s/cts	O Det=615	H Det=564	Mon Det=30659	Aux Det=4176	O+H=5355	 DONE
07/10/2025 17:09:26:	move motor	S18.axis2.phaseshifter 1 to -1.271185deg	 DONE
07/10/2025 17:09:27:	18	count	time	10.000000s/cts	O Det=950	H Det=838	Mon Det=30469	Aux Det=3167	O+H=4955	 DONE
07/10/2025 17:09:39:	move motor	S18.axis2.phaseshifter 1 to -1.169490deg	 DONE
07/10/2025 17:09:41:	19	count	time	10.000000s/cts	O Det=1271	H Det=1177	Mon Det=30364	Aux Det=2338	O+H=4786	 DONE
07/10/2025 17:09:52:	move motor	S18.axis2.phaseshifter 1 to -1.067795deg	 DONE
07/10/2025 17:09:54:	20	count	time	10.000000s/cts	O Det=1371	H Det=1310	Mon Det=30450	Aux Det=1957	O+H=4638	 DONE
07/10/2025 17:10:06:	move motor	S18.axis2.phaseshifter 1 to -0.966100deg	 DONE
07/10/2025 17:10:07:	21	count	time	10.000000s/cts	O Det=1250	H Det=1266	Mon Det=30422	Aux Det=2107	O+H=4623	 DONE
07/10/2025 17:10:19:	move motor	S18.axis2.phaseshifter 1 to -0.864405deg	 DONE
07/10/2025 17:10:20:	22	count	time	10.000000s/cts	O Det=1003	H Det=1027	Mon Det=30279	Aux Det=2820	O+H=4850	 DONE
07/10/2025 17:10:32:	move motor	S18.axis2.phaseshifter 1 to -0.762710deg	 DONE
07/10/2025 17:10:33:	23	count	time	10.000000s/cts	O Det=659	H Det=674	Mon Det=30319	Aux Det=3806	O+H=5139	 DONE
07/10/2025 17:10:45:	move motor	S18.axis2.phaseshifter 1 to -0.661015deg	 DONE
07/10/2025 17:10:47:	24	count	time	10.000000s/cts	O Det=373	H Det=409	Mon Det=30412	Aux Det=4627	O+H=5409	 DONE
07/10/2025 17:10:58:	move motor	S18.axis2.phaseshifter 1 to -0.559320deg	 DONE
07/10/2025 17:11:00:	25	count	time	10.000000s/cts	O Det=285	H Det=269	Mon Det=30281	Aux Det=5174	O+H=5728	 DONE
07/10/2025 17:11:12:	move motor	S18.axis2.phaseshifter 1 to -0.457625deg	 DONE
07/10/2025 17:11:13:	26	count	time	10.000000s/cts	O Det=299	H Det=330	Mon Det=30737	Aux Det=4917	O+H=5546	 DONE
07/10/2025 17:11:25:	move motor	S18.axis2.phaseshifter 1 to -0.355930deg	 DONE
07/10/2025 17:11:26:	27	count	time	10.000000s/cts	O Det=583	H Det=568	Mon Det=30120	Aux Det=4205	O+H=5356	 DONE
07/10/2025 17:11:38:	move motor	S18.axis2.phaseshifter 1 to -0.254235deg	 DONE
07/10/2025 17:11:39:	28	count	time	10.000000s/cts	O Det=920	H Det=835	Mon Det=30550	Aux Det=3236	O+H=4991	 DONE
07/10/2025 17:11:51:	move motor	S18.axis2.phaseshifter 1 to -0.152540deg	 DONE
07/10/2025 17:11:53:	29	count	time	10.000000s/cts	O Det=1180	H Det=1094	Mon Det=30768	Aux Det=2409	O+H=4683	 DONE
07/10/2025 17:12:04:	move motor	S18.axis2.phaseshifter 1 to -0.050845deg	 DONE
07/10/2025 17:12:06:	30	count	time	10.000000s/cts	O Det=1354	H Det=1269	Mon Det=29975	Aux Det=2046	O+H=4669	 DONE
07/10/2025 17:12:18:	move motor	S18.axis2.phaseshifter 1 to 0.050850deg	 DONE
07/10/2025 17:12:19:	31	count	time	10.000000s/cts	O Det=1227	H Det=1227	Mon Det=30240	Aux Det=2165	O+H=4619	 DONE
07/10/2025 17:12:31:	move motor	S18.axis2.phaseshifter 1 to 0.152545deg	 DONE
07/10/2025 17:12:32:	32	count	time	10.000000s/cts	O Det=1080	H Det=1023	Mon Det=30520	Aux Det=2690	O+H=4793	 DONE
07/10/2025 17:12:44:	move motor	S18.axis2.phaseshifter 1 to 0.254240deg	 DONE
07/10/2025 17:12:45:	33	count	time	10.000000s/cts	O Det=789	H Det=714	Mon Det=30548	Aux Det=3702	O+H=5205	 DONE
07/10/2025 17:12:57:	move motor	S18.axis2.phaseshifter 1 to 0.355935deg	 DONE
07/10/2025 17:12:59:	34	count	time	10.000000s/cts	O Det=450	H Det=480	Mon Det=30811	Aux Det=4584	O+H=5514	 DONE
07/10/2025 17:13:10:	move motor	S18.axis2.phaseshifter 1 to 0.457630deg	 DONE
07/10/2025 17:13:12:	35	count	time	10.000000s/cts	O Det=266	H Det=326	Mon Det=30378	Aux Det=5112	O+H=5704	 DONE
07/10/2025 17:13:24:	move motor	S18.axis2.phaseshifter 1 to 0.559325deg	 DONE
07/10/2025 17:13:25:	36	count	time	10.000000s/cts	O Det=310	H Det=298	Mon Det=30635	Aux Det=5091	O+H=5699	 DONE
07/10/2025 17:13:37:	move motor	S18.axis2.phaseshifter 1 to 0.661020deg	 DONE
07/10/2025 17:13:38:	37	count	time	10.000000s/cts	O Det=538	H Det=520	Mon Det=30426	Aux Det=4525	O+H=5583	 DONE
07/10/2025 17:13:50:	move motor	S18.axis2.phaseshifter 1 to 0.762715deg	 DONE
07/10/2025 17:13:51:	38	count	time	10.000000s/cts	O Det=850	H Det=785	Mon Det=30324	Aux Det=3680	O+H=5315	 DONE
07/10/2025 17:14:03:	move motor	S18.axis2.phaseshifter 1 to 0.864410deg	 DONE
07/10/2025 17:14:05:	39	count	time	10.000000s/cts	O Det=1136	H Det=1097	Mon Det=30367	Aux Det=2716	O+H=4949	 DONE
07/10/2025 17:14:16:	move motor	S18.axis2.phaseshifter 1 to 0.966105deg	 DONE
07/10/2025 17:14:18:	40	count	time	10.000000s/cts	O Det=1304	H Det=1247	Mon Det=30212	Aux Det=1973	O+H=4524	 DONE
07/10/2025 17:14:30:	move motor	S18.axis2.phaseshifter 1 to 1.067800deg	 DONE
07/10/2025 17:14:31:	41	count	time	10.000000s/cts	O Det=1312	H Det=1322	Mon Det=30430	Aux Det=1907	O+H=4541	 DONE
07/10/2025 17:14:43:	move motor	S18.axis2.phaseshifter 1 to 1.169495deg	 DONE
07/10/2025 17:14:44:	42	count	time	10.000000s/cts	O Det=1138	H Det=1100	Mon Det=30116	Aux Det=2564	O+H=4802	 DONE
07/10/2025 17:14:56:	move motor	S18.axis2.phaseshifter 1 to 1.271190deg	 DONE
07/10/2025 17:14:57:	43	count	time	10.000000s/cts	O Det=774	H Det=822	Mon Det=30487	Aux Det=3502	O+H=5098	 DONE
07/10/2025 17:15:09:	move motor	S18.axis2.phaseshifter 1 to 1.372885deg	 DONE
07/10/2025 17:15:11:	44	count	time	10.000000s/cts	O Det=526	H Det=531	Mon Det=30408	Aux Det=4426	O+H=5483	 DONE
07/10/2025 17:15:22:	move motor	S18.axis2.phaseshifter 1 to 1.474580deg	 DONE
07/10/2025 17:15:24:	45	count	time	10.000000s/cts	O Det=308	H Det=311	Mon Det=30386	Aux Det=5053	O+H=5672	 DONE
07/10/2025 17:15:36:	move motor	S18.axis2.phaseshifter 1 to 1.576275deg	 DONE
07/10/2025 17:15:37:	46	count	time	10.000000s/cts	O Det=298	H Det=314	Mon Det=30497	Aux Det=5147	O+H=5759	 DONE
07/10/2025 17:15:49:	move motor	S18.axis2.phaseshifter 1 to 1.677970deg	 DONE
07/10/2025 17:15:50:	47	count	time	10.000000s/cts	O Det=488	H Det=488	Mon Det=30569	Aux Det=4514	O+H=5490	 DONE
07/10/2025 17:16:02:	move motor	S18.axis2.phaseshifter 1 to 1.779665deg	 DONE
07/10/2025 17:16:03:	48	count	time	10.000000s/cts	O Det=776	H Det=757	Mon Det=30757	Aux Det=3686	O+H=5219	 DONE
07/10/2025 17:16:15:	move motor	S18.axis2.phaseshifter 1 to 1.881360deg	 DONE
07/10/2025 17:16:17:	49	count	time	10.000000s/cts	O Det=1064	H Det=1011	Mon Det=30491	Aux Det=2788	O+H=4863	 DONE
07/10/2025 17:16:28:	move motor	S18.axis2.phaseshifter 1 to 1.983055deg	 DONE
07/10/2025 17:16:30:	50	count	time	10.000000s/cts	O Det=1318	H Det=1223	Mon Det=30278	Aux Det=2173	O+H=4714	 DONE
07/10/2025 17:16:42:	move motor	S18.axis2.phaseshifter 1 to 2.084750deg	 DONE
07/10/2025 17:16:43:	51	count	time	10.000000s/cts	O Det=1333	H Det=1217	Mon Det=30731	Aux Det=2060	O+H=4610	 DONE
07/10/2025 17:16:55:	move motor	S18.axis2.phaseshifter 1 to 2.186445deg	 DONE
07/10/2025 17:16:56:	52	count	time	10.000000s/cts	O Det=1069	H Det=1082	Mon Det=30518	Aux Det=2550	O+H=4701	 DONE
07/10/2025 17:17:08:	move motor	S18.axis2.phaseshifter 1 to 2.288140deg	 DONE
07/10/2025 17:17:09:	53	count	time	10.000000s/cts	O Det=835	H Det=864	Mon Det=30408	Aux Det=3443	O+H=5142	 DONE
07/10/2025 17:17:21:	move motor	S18.axis2.phaseshifter 1 to 2.389835deg	 DONE
07/10/2025 17:17:23:	54	count	time	10.000000s/cts	O Det=516	H Det=491	Mon Det=30274	Aux Det=4474	O+H=5481	 DONE
07/10/2025 17:17:34:	move motor	S18.axis2.phaseshifter 1 to 2.491530deg	 DONE
07/10/2025 17:17:36:	55	count	time	10.000000s/cts	O Det=305	H Det=331	Mon Det=30196	Aux Det=5071	O+H=5707	 DONE
07/10/2025 17:17:48:	move motor	S18.axis2.phaseshifter 1 to 2.593225deg	 DONE
07/10/2025 17:17:49:	56	count	time	10.000000s/cts	O Det=304	H Det=320	Mon Det=30390	Aux Det=5128	O+H=5752	 DONE
07/10/2025 17:18:01:	move motor	S18.axis2.phaseshifter 1 to 2.694920deg	 DONE
07/10/2025 17:18:02:	57	count	time	10.000000s/cts	O Det=468	H Det=466	Mon Det=30600	Aux Det=4687	O+H=5621	 DONE
07/10/2025 17:18:14:	move motor	S18.axis2.phaseshifter 1 to 2.796615deg	 DONE
07/10/2025 17:18:15:	58	count	time	10.000000s/cts	O Det=761	H Det=746	Mon Det=30265	Aux Det=3806	O+H=5313	 DONE
07/10/2025 17:18:27:	move motor	S18.axis2.phaseshifter 1 to 2.898310deg	 DONE
07/10/2025 17:18:29:	59	count	time	10.000000s/cts	O Det=940	H Det=1000	Mon Det=30434	Aux Det=3018	O+H=4958	 DONE
07/10/2025 17:18:41:	move motor	S18.axis2.phaseshifter 1 to 3.000005deg	 DONE
07/10/2025 17:18:42:	60	count	time	10.000000s/cts	O Det=1208	H Det=1245	Mon Det=30408	Aux Det=2213	O+H=4666	 DONE
07/10/2025 17:18:54:	close file and end scan	 DONE
call of ifg1_newPS_6p10s_B3.sc DONE
07/10/2025 17:18:55:	move motor	S18.axis2.Aperture Y to 18.00000mm	reached 18.00000  DONE
07/10/2025 17:18:58:	move motor	S18.axis2.phaseshifter 1 to -3.100000deg	 DONE
07/10/2025 17:19:02:	create file	D:\data\Cycle 198\exp_3-16-19\rawdata\sc\Aperture_scan_ifg1_newPS_B3_6p10s_07Oct1719.dat	 DONE
room to enter remarks DONE
07/10/2025 17:19:03:	move motor	S18.axis2.phaseshifter 1 to -3.000000deg	 DONE
07/10/2025 17:19:05:	1	count	time	10.000000s/cts	O Det=1174	H Det=1257	Mon Det=30429	Aux Det=2339	O+H=4770	 DONE
07/10/2025 17:19:16:	move motor	S18.axis2.phaseshifter 1 to -2.898305deg	 DONE
07/10/2025 17:19:18:	2	count	time	10.000000s/cts	O Det=887	H Det=1001	Mon Det=30346	Aux Det=3030	O+H=4918	 DONE
07/10/2025 17:19:30:	move motor	S18.axis2.phaseshifter 1 to -2.796610deg	 DONE
07/10/2025 17:19:31:	3	count	time	10.000000s/cts	O Det=636	H Det=628	Mon Det=30284	Aux Det=3973	O+H=5237	 DONE
07/10/2025 17:19:43:	move motor	S18.axis2.phaseshifter 1 to -2.694915deg	 DONE
07/10/2025 17:19:44:	4	count	time	10.000000s/cts	O Det=317	H Det=398	Mon Det=30421	Aux Det=4572	O+H=5287	 DONE
07/10/2025 17:19:56:	move motor	S18.axis2.phaseshifter 1 to -2.593220deg	 DONE
07/10/2025 17:19:57:	5	count	time	10.000000s/cts	O Det=264	H Det=319	Mon Det=30583	Aux Det=4893	O+H=5476	 DONE
07/10/2025 17:20:09:	move motor	S18.axis2.phaseshifter 1 to -2.491525deg	 DONE
07/10/2025 17:20:11:	6	count	time	10.000000s/cts	O Det=416	H Det=426	Mon Det=30635	Aux Det=4607	O+H=5449	 DONE
07/10/2025 17:20:22:	move motor	S18.axis2.phaseshifter 1 to -2.389830deg	 DONE
07/10/2025 17:20:24:	7	count	time	10.000000s/cts	O Det=684	H Det=634	Mon Det=30095	Aux Det=3806	O+H=5124	 DONE
07/10/2025 17:20:36:	move motor	S18.axis2.phaseshifter 1 to -2.288135deg	 DONE
07/10/2025 17:20:37:	8	count	time	10.000000s/cts	O Det=1010	H Det=1028	Mon Det=30398	Aux Det=2750	O+H=4788	 DONE
07/10/2025 17:20:49:	move motor	S18.axis2.phaseshifter 1 to -2.186440deg	 DONE
07/10/2025 17:20:50:	9	count	time	10.000000s/cts	O Det=1304	H Det=1271	Mon Det=30233	Aux Det=2169	O+H=4744	 DONE
07/10/2025 17:21:02:	move motor	S18.axis2.phaseshifter 1 to -2.084745deg	 DONE
07/10/2025 17:21:03:	10	count	time	10.000000s/cts	O Det=1403	H Det=1306	Mon Det=30612	Aux Det=1878	O+H=4587	 DONE
07/10/2025 17:21:15:	move motor	S18.axis2.phaseshifter 1 to -1.983050deg	 DONE
07/10/2025 17:21:17:	11	count	time	10.000000s/cts	O Det=1254	H Det=1286	Mon Det=30203	Aux Det=2279	O+H=4819	 DONE
07/10/2025 17:21:28:	move motor	S18.axis2.phaseshifter 1 to -1.881355deg	 DONE
07/10/2025 17:21:30:	12	count	time	10.000000s/cts	O Det=936	H Det=957	Mon Det=30173	Aux Det=3144	O+H=5037	 DONE
07/10/2025 17:21:42:	move motor	S18.axis2.phaseshifter 1 to -1.779660deg	 DONE
07/10/2025 17:21:43:	13	count	time	10.000000s/cts	O Det=617	H Det=665	Mon Det=30260	Aux Det=3825	O+H=5107	 DONE
07/10/2025 17:21:55:	move motor	S18.axis2.phaseshifter 1 to -1.677965deg	 DONE
07/10/2025 17:21:56:	14	count	time	10.000000s/cts	O Det=329	H Det=396	Mon Det=30374	Aux Det=4745	O+H=5470	 DONE
07/10/2025 17:22:08:	move motor	S18.axis2.phaseshifter 1 to -1.576270deg	 DONE
07/10/2025 17:22:09:	15	count	time	10.000000s/cts	O Det=244	H Det=289	Mon Det=30479	Aux Det=4958	O+H=5491	 DONE
07/10/2025 17:22:21:	move motor	S18.axis2.phaseshifter 1 to -1.474575deg	 DONE
07/10/2025 17:22:23:	16	count	time	10.000000s/cts	O Det=369	H Det=399	Mon Det=30549	Aux Det=4696	O+H=5464	 DONE
07/10/2025 17:22:34:	move motor	S18.axis2.phaseshifter 1 to -1.372880deg	 DONE
07/10/2025 17:22:36:	17	count	time	10.000000s/cts	O Det=664	H Det=670	Mon Det=29944	Aux Det=3889	O+H=5223	 DONE
07/10/2025 17:22:48:	move motor	S18.axis2.phaseshifter 1 to -1.271185deg	 DONE
07/10/2025 17:22:49:	18	count	time	10.000000s/cts	O Det=1040	H Det=992	Mon Det=29962	Aux Det=3030	O+H=5062	 DONE
07/10/2025 17:23:01:	move motor	S18.axis2.phaseshifter 1 to -1.169490deg	 DONE
07/10/2025 17:23:02:	19	count	time	10.000000s/cts	O Det=1294	H Det=1268	Mon Det=30284	Aux Det=2181	O+H=4743	 DONE
07/10/2025 17:23:14:	move motor	S18.axis2.phaseshifter 1 to -1.067795deg	 DONE
07/10/2025 17:23:15:	20	count	time	10.000000s/cts	O Det=1378	H Det=1361	Mon Det=30050	Aux Det=1847	O+H=4586	 DONE
07/10/2025 17:23:27:	move motor	S18.axis2.phaseshifter 1 to -0.966100deg	 DONE
07/10/2025 17:23:29:	21	count	time	10.000000s/cts	O Det=1245	H Det=1242	Mon Det=30168	Aux Det=2185	O+H=4672	 DONE
07/10/2025 17:23:40:	move motor	S18.axis2.phaseshifter 1 to -0.864405deg	 DONE
07/10/2025 17:23:42:	22	count	time	10.000000s/cts	O Det=1023	H Det=1014	Mon Det=30530	Aux Det=2844	O+H=4881	 DONE
07/10/2025 17:23:54:	move motor	S18.axis2.phaseshifter 1 to -0.762710deg	 DONE
07/10/2025 17:23:55:	23	count	time	10.000000s/cts	O Det=628	H Det=656	Mon Det=30403	Aux Det=3689	O+H=4973	 DONE
07/10/2025 17:24:07:	move motor	S18.axis2.phaseshifter 1 to -0.661015deg	 DONE
07/10/2025 17:24:08:	24	count	time	10.000000s/cts	O Det=342	H Det=411	Mon Det=30631	Aux Det=4605	O+H=5358	 DONE
07/10/2025 17:24:20:	move motor	S18.axis2.phaseshifter 1 to -0.559320deg	 DONE
07/10/2025 17:24:21:	25	count	time	10.000000s/cts	O Det=236	H Det=315	Mon Det=30554	Aux Det=4897	O+H=5448	 DONE
07/10/2025 17:24:33:	move motor	S18.axis2.phaseshifter 1 to -0.457625deg	 DONE
07/10/2025 17:24:35:	26	count	time	10.000000s/cts	O Det=333	H Det=395	Mon Det=30258	Aux Det=4663	O+H=5391	 DONE
07/10/2025 17:24:46:	move motor	S18.axis2.phaseshifter 1 to -0.355930deg	 DONE
07/10/2025 17:24:48:	27	count	time	10.000000s/cts	O Det=671	H Det=661	Mon Det=30264	Aux Det=3883	O+H=5215	 DONE
07/10/2025 17:25:00:	move motor	S18.axis2.phaseshifter 1 to -0.254235deg	 DONE
07/10/2025 17:25:01:	28	count	time	10.000000s/cts	O Det=1049	H Det=985	Mon Det=30322	Aux Det=3099	O+H=5133	 DONE
07/10/2025 17:25:13:	move motor	S18.axis2.phaseshifter 1 to -0.152540deg	 DONE
07/10/2025 17:25:14:	29	count	time	10.000000s/cts	O Det=1290	H Det=1214	Mon Det=30571	Aux Det=2440	O+H=4944	 DONE
07/10/2025 17:25:26:	move motor	S18.axis2.phaseshifter 1 to -0.050845deg	 DONE
07/10/2025 17:25:27:	30	count	time	10.000000s/cts	O Det=1400	H Det=1325	Mon Det=30129	Aux Det=1929	O+H=4654	 DONE
07/10/2025 17:25:39:	move motor	S18.axis2.phaseshifter 1 to 0.050850deg	 DONE
07/10/2025 17:25:41:	31	count	time	10.000000s/cts	O Det=1282	H Det=1254	Mon Det=30412	Aux Det=2102	O+H=4638	 DONE
07/10/2025 17:25:52:	move motor	S18.axis2.phaseshifter 1 to 0.152545deg	 DONE
07/10/2025 17:25:54:	32	count	time	10.000000s/cts	O Det=1083	H Det=1023	Mon Det=30614	Aux Det=2843	O+H=4949	 DONE
07/10/2025 17:26:06:	move motor	S18.axis2.phaseshifter 1 to 0.254240deg	 DONE
07/10/2025 17:26:07:	33	count	time	10.000000s/cts	O Det=667	H Det=778	Mon Det=30602	Aux Det=3758	O+H=5203	 DONE
07/10/2025 17:26:19:	move motor	S18.axis2.phaseshifter 1 to 0.355935deg	 DONE
07/10/2025 17:26:20:	34	count	time	10.000000s/cts	O Det=397	H Det=469	Mon Det=30625	Aux Det=4442	O+H=5308	 DONE
07/10/2025 17:26:32:	move motor	S18.axis2.phaseshifter 1 to 0.457630deg	 DONE
07/10/2025 17:26:33:	35	count	time	10.000000s/cts	O Det=230	H Det=350	Mon Det=30681	Aux Det=4950	O+H=5530	 DONE
07/10/2025 17:26:45:	move motor	S18.axis2.phaseshifter 1 to 0.559325deg	 DONE
07/10/2025 17:26:47:	36	count	time	10.000000s/cts	O Det=284	H Det=338	Mon Det=30526	Aux Det=4822	O+H=5444	 DONE
07/10/2025 17:26:58:	move motor	S18.axis2.phaseshifter 1 to 0.661020deg	 DONE
07/10/2025 17:27:00:	37	count	time	10.000000s/cts	O Det=535	H Det=552	Mon Det=30399	Aux Det=4232	O+H=5319	 DONE
07/10/2025 17:27:12:	move motor	S18.axis2.phaseshifter 1 to 0.762715deg	 DONE
07/10/2025 17:27:13:	38	count	time	10.000000s/cts	O Det=931	H Det=882	Mon Det=30048	Aux Det=3247	O+H=5060	 DONE
07/10/2025 17:27:25:	move motor	S18.axis2.phaseshifter 1 to 0.864410deg	 DONE
07/10/2025 17:27:26:	39	count	time	10.000000s/cts	O Det=1217	H Det=1253	Mon Det=30633	Aux Det=2303	O+H=4773	 DONE
07/10/2025 17:27:38:	move motor	S18.axis2.phaseshifter 1 to 0.966105deg	 DONE
07/10/2025 17:27:39:	40	count	time	10.000000s/cts	O Det=1385	H Det=1285	Mon Det=30272	Aux Det=1944	O+H=4614	 DONE
07/10/2025 17:27:51:	move motor	S18.axis2.phaseshifter 1 to 1.067800deg	 DONE
07/10/2025 17:27:53:	41	count	time	10.000000s/cts	O Det=1361	H Det=1376	Mon Det=30686	Aux Det=1971	O+H=4708	 DONE
07/10/2025 17:28:04:	move motor	S18.axis2.phaseshifter 1 to 1.169495deg	 DONE
07/10/2025 17:28:06:	42	count	time	10.000000s/cts	O Det=1102	H Det=1076	Mon Det=30504	Aux Det=2594	O+H=4772	 DONE
07/10/2025 17:28:18:	move motor	S18.axis2.phaseshifter 1 to 1.271190deg	 DONE
07/10/2025 17:28:19:	43	count	time	10.000000s/cts	O Det=740	H Det=773	Mon Det=30510	Aux Det=3465	O+H=4978	 DONE
07/10/2025 17:28:31:	move motor	S18.axis2.phaseshifter 1 to 1.372885deg	 DONE
07/10/2025 17:28:32:	44	count	time	10.000000s/cts	O Det=407	H Det=485	Mon Det=30529	Aux Det=4291	O+H=5183	 DONE
07/10/2025 17:28:44:	move motor	S18.axis2.phaseshifter 1 to 1.474580deg	 DONE
07/10/2025 17:28:45:	45	count	time	10.000000s/cts	O Det=244	H Det=352	Mon Det=30423	Aux Det=4733	O+H=5329	 DONE
07/10/2025 17:28:57:	move motor	S18.axis2.phaseshifter 1 to 1.576275deg	 DONE
07/10/2025 17:28:59:	46	count	time	10.000000s/cts	O Det=263	H Det=350	Mon Det=30269	Aux Det=4870	O+H=5483	 DONE
07/10/2025 17:29:10:	move motor	S18.axis2.phaseshifter 1 to 1.677970deg	 DONE
07/10/2025 17:29:12:	47	count	time	10.000000s/cts	O Det=584	H Det=498	Mon Det=30110	Aux Det=4317	O+H=5399	 DONE
07/10/2025 17:29:24:	move motor	S18.axis2.phaseshifter 1 to 1.779665deg	 DONE
07/10/2025 17:29:25:	48	count	time	10.000000s/cts	O Det=859	H Det=831	Mon Det=30406	Aux Det=3372	O+H=5062	 DONE
07/10/2025 17:29:37:	move motor	S18.axis2.phaseshifter 1 to 1.881360deg	 DONE
07/10/2025 17:29:38:	49	count	time	10.000000s/cts	O Det=1157	H Det=1127	Mon Det=30623	Aux Det=2519	O+H=4803	 DONE
07/10/2025 17:29:50:	move motor	S18.axis2.phaseshifter 1 to 1.983055deg	 DONE
07/10/2025 17:29:51:	50	count	time	10.000000s/cts	O Det=1369	H Det=1350	Mon Det=30387	Aux Det=2010	O+H=4729	 DONE
07/10/2025 17:30:03:	move motor	S18.axis2.phaseshifter 1 to 2.084750deg	 DONE
07/10/2025 17:30:05:	51	count	time	10.000000s/cts	O Det=1341	H Det=1230	Mon Det=30474	Aux Det=2111	O+H=4682	 DONE
07/10/2025 17:30:16:	move motor	S18.axis2.phaseshifter 1 to 2.186445deg	 DONE
07/10/2025 17:30:18:	52	count	time	10.000000s/cts	O Det=1059	H Det=1110	Mon Det=30533	Aux Det=2666	O+H=4835	 DONE
07/10/2025 17:30:30:	move motor	S18.axis2.phaseshifter 1 to 2.288140deg	 DONE
07/10/2025 17:30:31:	53	count	time	10.000000s/cts	O Det=759	H Det=729	Mon Det=30454	Aux Det=3505	O+H=4993	 DONE
07/10/2025 17:30:43:	move motor	S18.axis2.phaseshifter 1 to 2.389835deg	 DONE
07/10/2025 17:30:44:	54	count	time	10.000000s/cts	O Det=429	H Det=498	Mon Det=30224	Aux Det=4364	O+H=5291	 DONE
07/10/2025 17:30:56:	move motor	S18.axis2.phaseshifter 1 to 2.491530deg	 DONE
07/10/2025 17:30:57:	55	count	time	10.000000s/cts	O Det=277	H Det=319	Mon Det=30407	Aux Det=4796	O+H=5392	 DONE
07/10/2025 17:31:09:	move motor	S18.axis2.phaseshifter 1 to 2.593225deg	 DONE
07/10/2025 17:31:11:	56	count	time	10.000000s/cts	O Det=278	H Det=354	Mon Det=30658	Aux Det=4918	O+H=5550	 DONE
07/10/2025 17:31:22:	move motor	S18.axis2.phaseshifter 1 to 2.694920deg	 DONE
07/10/2025 17:31:24:	57	count	time	10.000000s/cts	O Det=516	H Det=522	Mon Det=30439	Aux Det=4250	O+H=5288	 DONE
07/10/2025 17:31:36:	move motor	S18.axis2.phaseshifter 1 to 2.796615deg	 DONE
07/10/2025 17:31:37:	58	count	time	10.000000s/cts	O Det=869	H Det=827	Mon Det=30385	Aux Det=3418	O+H=5114	 DONE
07/10/2025 17:31:49:	move motor	S18.axis2.phaseshifter 1 to 2.898310deg	 DONE
07/10/2025 17:31:50:	59	count	time	10.000000s/cts	O Det=1182	H Det=1037	Mon Det=30376	Aux Det=2574	O+H=4793	 DONE
07/10/2025 17:32:02:	move motor	S18.axis2.phaseshifter 1 to 3.000005deg	 DONE
07/10/2025 17:32:03:	60	count	time	10.000000s/cts	O Det=1336	H Det=1284	Mon Det=30582	Aux Det=2059	O+H=4679	 DONE
07/10/2025 17:32:15:	close file and end scan	 DONE
call of ifg1_newPS_6p10s_B3.sc DONE
07/10/2025 17:32:16:	END OF SCRIPT	 DONE
